CensusTract,State,County,Pop2010,PriorityRank,PriorityScore,PovertyRate,lapop1share,lalowi1share,lahunv1share,lasnap1share,MedianFamilyIncome,PovertyRate_score,lapop1share_score,lalowi1share_score,lahunv1share_score,lasnap1share_score,MedianFamilyIncome_score,PovertyRate_imputed,MedianFamilyIncome_imputed
17031540102,Illinois,Cook County,3109,1,0.967044437871138,64.1509433962264,100.000000969127,87.6739139000332,53.865744744855604,62.007170329091096,17122.0,0.8314115807433158,1.0,1.0,1.0,1.0,0.970855046483512,False,False
17031540101,Illinois,Cook County,3373,2,0.8849523657489073,52.922318125770694,92.2615152069945,76.848513943831,51.2059187868046,56.7601794605786,19881.0,0.6852174118716169,0.9226151431286326,0.8765265576195738,0.9506211977454369,0.9153809012624652,0.9593529828657189,False,False
17031838800,Illinois,Cook County,3233,3,0.716158456111339,42.514970059880206,95.96171828935731,57.497608377271305,28.363314777503,41.9119704122336,27083.0,0.5497160869984256,0.9596171735936639,0.6558120405441319,0.5265556971661811,0.6759213521564346,0.9293283862091967,False,False
17031829700,Illinois,Cook County,4349,4,0.6246636190645493,32.3157643691867,96.3044411630186,53.508441170249895,17.252142322349002,36.9625966807578,48194.0,0.4169247289124392,0.9630444022970626,0.6103119934996951,0.32028040091280185,0.5961019747326953,0.841318214032601,False,False
17031821500,Illinois,Cook County,2341,5,0.5870373607489964,40.6810035842294,77.4151713400761,49.3903245226293,18.6554573761731,29.057288378151704,47563.0,0.5258382570603493,0.7741517058982478,0.5633411618756374,0.3463324876419679,0.46861174641474124,0.843948805603035,False,False
17031827700,Illinois,Cook County,2902,6,0.5797981244321259,29.3871866295265,99.99999990735719,52.906824392595496,8.9174764074769,28.649237367571303,41563.0,0.378795307161026,0.9999999893823021,0.6034500119718673,0.16555004390482425,0.46203103956398917,0.8689623546087464,False,False
17031820603,Illinois,Cook County,5254,7,0.4922886896668128,20.8947721179625,100.00000056577801,38.2366093267521,3.8536743027650298,25.352112850368,65545.0,0.2682259853315099,0.9999999959665101,0.4361229883081292,0.07154220778007661,0.408857761381733,0.7689831992329178,False,False
17031827000,Illinois,Cook County,3624,8,0.48463531898937834,31.325625168055897,67.46108968895041,41.8028741558057,10.8686632907565,17.2303343905637,40662.0,0.40403333979845096,0.6746108903516678,0.47679945261106765,0.20177319263360785,0.2778764826570383,0.8727185558844374,False,False
17031430700,Illinois,Cook County,2210,9,0.4833280144679231,44.9773755656109,47.5131382877471,30.3313008233972,25.7492944680223,16.5134806179125,69436.0,0.5817760513898443,0.4751313782728445,0.345955820541801,0.4780272618523753,0.2663156620479597,0.752761912702714,False,True
17031827600,Illinois,Cook County,3463,10,0.4714623210538555,25.409104433204398,68.6456943241169,36.0440000611993,15.679581770995398,17.7242336828631,51563.0,0.3270015740559751,0.6864569365885295,0.4111143036490544,0.29108632666761486,0.285841679096065,0.827273106265894,False,False
17031830001,Illinois,Cook County,2105,11,0.46865884370673117,14.722445695897,98.7471574431644,41.0718265173607,7.55558069380183,12.0715599946907,50139.0,0.1878636872278461,0.9874715648617904,0.46846119547247844,0.1402668937297747,0.19468006571858099,0.8332096552299162,False,False
17031828702,Illinois,Cook County,4916,12,0.4650406146268409,16.7636061487329,99.99999843262731,38.26103790512,3.0632068942689097,17.227378021731198,56976.0,0.21443913602488437,0.9999999746350033,0.4364016182595164,0.05686743790099474,0.2778288048027383,0.804706716137908,False,False
17031829000,Illinois,Cook County,1327,13,0.4429820854369318,53.2352941176471,29.525815938777,23.2675329041643,9.43301671241514,17.4194710423859,21667.0,0.6892922887071238,0.29525815652634346,0.265387181536052,0.1751208816864271,0.28092672105395905,0.9519072831116855,False,False
17031530600,Illinois,Cook County,3207,14,0.43628494970045395,28.7975876366378,46.836890618972795,31.598971317146702,11.1919712816887,20.7687570376599,40093.0,0.3711188612331572,0.46836890165063844,0.3604147449511175,0.20777530014114542,0.3349412161115195,0.8750906741151457,False,False
17031817600,Illinois,Cook County,3997,15,0.4265676663838937,7.183462532299741,77.8480226560491,32.4348126222905,5.02750174081973,25.4959021168531,54085.0,0.0897078265420524,0.7784802190160289,0.36994826829874444,0.0933339316969135,0.4111766749157963,0.8167590778338266,False,False
17031431400,Illinois,Cook County,6418,16,0.4214984033793458,39.7992277992278,36.0287867590957,18.524606869056502,16.1939569181058,14.3149147600662,31345.0,0.5143577351874996,0.3602878640993101,0.21128983576778004,0.30063553367378976,0.23085902298222208,0.9115604285654729,False,False
17031824300,Illinois,Cook County,4814,17,0.41625784161706963,41.1115825201527,39.8516976669211,23.6036753632116,9.467754565105441,18.4966241036671,52276.0,0.5314442977068916,0.3985169728070754,0.2692211892139865,0.17576577860291534,0.29829814851249997,0.8243006628590487,False,False
17031817500,Illinois,Cook County,3623,18,0.3993516864702795,18.823877068557902,48.1642257501383,23.2630058647995,14.126828098387401,20.3995812597775,54118.0,0.24126339879254932,0.48164225283365786,0.26533554657231617,0.2622599606726234,0.3289874566362351,0.8166215033142953,False,False
17031530502,Illinois,Cook County,1667,19,0.38771490060207564,21.713917525773198,48.4109021982499,23.3632514663331,7.4311816074819,18.863768609652702,45000.0,0.27889107381701184,0.4841090172908678,0.2664789379994162,0.1379574652254596,0.3042191493263906,0.854633759953308,False,False
17031770500,Illinois,Cook County,4078,20,0.3855068246823337,30.357565711579397,51.0995852655917,31.5602456017837,1.20725770171271,11.2489229985868,46875.0,0.39142942398069325,0.5109958477037183,0.35997304326768226,0.02241234586899512,0.18141326138389013,0.8468170258890232,False,False
17031825700,Illinois,Cook County,4206,21,0.38511789993941664,23.5670419651996,54.0767623142605,24.854473443724,7.08599978944666,13.2003473456374,48750.0,0.30301833612316426,0.54076761790188,0.28348766854486906,0.13154927724494891,0.21288420799689944,0.8390002918247383,False,False
17031823805,Illinois,Cook County,2953,22,0.3814474665661553,10.7976314872867,97.0811665159058,24.6262872573323,5.55544960090682,3.8953511484348398,73872.0,0.13676349131042273,0.9708116557506602,0.28088499944705875,0.10313511169707512,0.0628209790538903,0.7342685621378247,False,False
17031491400,Illinois,Cook County,2931,23,0.3780785965355508,34.7273241028539,31.0650749683014,19.6621648458868,7.073556371462369,15.5341389946949,33304.0,0.44832269281774134,0.3106507466724137,0.22426470966387818,0.13131826924453546,0.250521655999628,0.9033935048151082,False,False
17031826202,Illinois,Cook County,5873,24,0.3756876810754333,26.902748414376298,50.0967209800956,21.2526636622594,4.01621758832915,13.474247394064001,40728.0,0.34644848186152694,0.5009672049459475,0.2424057820264752,0.0745597709147559,0.2173014398585201,0.8724434068453746,False,False
17031819200,Illinois,Cook County,6107,25,0.3701233643986128,14.040160642570301,83.1001712294583,23.3708595492559,3.1014023445140397,7.944972962932829,68063.0,0.1789804896945624,0.8310017042411211,0.2665657150415758,0.05757652398949216,0.1281299069247382,0.7584858465001876,False,False
17031440900,Illinois,Cook County,2610,26,0.3652816475479223,23.3608166470357,29.802678086405997,19.2306622541313,15.241181613683299,14.9938509645564,46296.0,0.3003333289862176,0.298026777975802,0.21934303373359515,0.28294757059195574,0.24180834063188866,0.8492308333680744,False,False
17031828506,Illinois,Cook County,8544,27,0.3634575409799889,9.38734062958366,77.97640572130679,22.0671083199147,2.2711792817551,14.104030838974598,67397.0,0.11840182237560362,0.779764049656164,0.2516952573267787,0.04216370334268899,0.2274580627388764,0.7612623504398216,False,False
17031560200,Illinois,Cook County,1721,28,0.3625184219432722,19.2865779927449,51.801588748652605,21.4724800809742,9.41380189047029,11.8935900243375,58508.0,0.24728766048250594,0.5180158824662943,0.24491298638107303,0.17476416477782658,0.19180991426015032,0.798319923291783,False,False
17031828503,Illinois,Cook County,4627,29,0.3601512528210735,20.5808940322215,47.877394115566105,26.2442510747531,1.51040581857538,14.300333082242,43715.0,0.26413936343731576,0.4787739365157336,0.29933933489814424,0.02804019188316578,0.23062386182671682,0.8599908283653646,False,False
17031820606,Illinois,Cook County,3650,30,0.357651913012255,14.081733136386,90.9276642409442,23.4770504582796,0.584314039966257,3.00666502216271,74896.0,0.17952175418909505,0.9092766335973966,0.26777691805852766,0.010847599763708108,0.048488989357285864,0.7299995831075166,False,False
17031803014,Illinois,Cook County,3430,31,0.35468806167254546,7.72753291356611,86.9810036363477,19.3506977605055,6.27703233251372,8.278802682897659,84306.0,0.09679150021368407,0.8698100279339132,0.22071214686011836,0.11653105999454694,0.13351363461611795,0.6907700004168924,False,False
17031823603,Illinois,Cook County,2702,32,0.35421379836399836,32.4922532093847,37.569325808284,23.0801411860965,3.03929594814336,9.15982341485778,43000.0,0.4192225738120962,0.3756932544418952,0.26324981011356174,0.05642353897712748,0.14772200321743087,0.8629716096218785,False,False
17031770700,Illinois,Cook County,2681,33,0.3513115013182946,10.811913504692,81.3264053076622,24.3483918954169,3.55905993546168,4.99773837604355,74112.0,0.13694943995632444,0.8132640451950606,0.27771535240435613,0.06607278804590527,0.08059936213052486,0.7332680201775962,False,False
17031824900,Illinois,Cook County,3079,34,0.350715561327132,29.809148742805203,33.6396377372757,21.6342989782421,3.30732467628482,11.861196523447699,37917.0,0.3842891587199018,0.3363963741126489,0.2467586767360446,0.06139940498271274,0.19128749885693358,0.8841622545545504,False,False
17031830003,Illinois,Cook County,7985,35,0.34950164349784046,7.88662969808996,99.0276066319808,18.9578902509838,5.07116429632535,6.98243623862733,109704.0,0.0988629044705188,0.9902760567227754,0.2162318232148254,0.09414451281321357,0.1126069162899935,0.5848876474757161,False,False
17031814400,Illinois,Cook County,7654,36,0.3353616375115556,20.148595894723602,45.4418817697239,21.1346053643683,2.74775527472118,11.6848085255987,53613.0,0.2585109391739666,0.45441881329334355,0.24105922074456743,0.05101118136835195,0.1884428601334948,0.8187268103556093,False,False
17031490600,Illinois,Cook County,1562,37,0.333551195020599,16.288384512683603,38.7307257988942,18.512149382082697,5.314196924215961,14.6481068019361,43782.0,0.20825185749000663,0.3873072542354428,0.2111477469021226,0.09865633436217343,0.23623246673238107,0.8597115104014674,False,False
17031351100,Illinois,Cook County,1960,38,0.3333333333333333,77.0995869664984,0.0,0.0,0.0,0.0,10131.0,1.0,0.0,0.0,0.0,0.0,1.0,False,False
17031828505,Illinois,Cook County,6428,39,0.32823090967243473,13.939487496140801,67.34027643995209,16.416713175696298,1.86369051117042,6.976349798185789,61953.0,0.1776697480306933,0.673402757873393,0.18724740855546637,0.03459880708970259,0.11250875924768311,0.7839579772376704,False,False
17031804505,Illinois,Cook County,3831,40,0.32570419382529764,11.6671602013622,76.7749109545383,15.266448610757099,2.56123381981254,6.01705803504305,77372.0,0.14808455908163226,0.7677491021049191,0.17412760457077436,0.04754847133264872,0.0970381006439848,0.7196773252178263,False,False
17031823803,Illinois,Cook County,6760,41,0.3240981022357981,7.226711388931239,73.7488228457115,19.653491388183898,2.64221222040875,8.72556538279373,81398.0,0.09027091690241282,0.7374882213099175,0.2241657810622329,0.04905180895435576,0.14071865135087563,0.702893233834994,False,False
17031730500,Illinois,Cook County,4388,42,0.32226234238402646,19.8898830006882,46.318229824137305,15.671297481378598,6.69947768680075,8.002148085117069,62164.0,0.2551425556355637,0.4631822937525484,0.178745270791118,0.12437362035063253,0.12905197967666016,0.7830783340976362,False,False
17031530100,Illinois,Cook County,2371,43,0.3192920556634713,26.636771300448398,26.7634870067321,14.301309482249899,5.28798434904226,12.1200792908835,46500.0,0.3429855198182665,0.2676348674735992,0.1631193230241371,0.09816970644497185,0.19546254451797293,0.8483803727018802,False,False
17031803901,Illinois,Cook County,3452,44,0.31856357782443917,7.87489528064786,81.9560216310265,14.701262337068199,6.15867989124572,3.1458866391427898,91600.0,0.09871012500163269,0.8195602083676857,0.16768114577194246,0.11433388548542994,0.05073423964432828,0.660361862675616,False,False
17031825400,Illinois,Cook County,5419,45,0.31738757825575803,10.629535202981,74.0083356687813,13.355726478847599,8.46241036555025,3.8498529460617097,92132.0,0.13457491559589135,0.7400833495154654,0.15233409670835446,0.15710189111157596,0.0620872219394847,0.6581439946637762,False,False
17031271800,Illinois,Cook County,970,46,0.3164633037510139,72.1759809750297,0.0,0.0,0.0,0.0,19034.0,0.9358957603057251,0.0,0.0,0.0,0.0,0.9628840622003585,False,False
17031828300,Illinois,Cook County,3264,47,0.31022844888724704,9.97482693517936,72.9640109409742,14.8213380136725,2.60239847538696,4.10463392650153,76786.0,0.12605076159134634,0.7296401023386028,0.16905071707614147,0.04831267975062202,0.06619611739605238,0.7221203151707174,False,False
17031836800,Illinois,Cook County,2661,48,0.30848951635081634,68.5304990757856,0.0,0.0,0.0,0.0,19125.0,0.8884324080644596,0.0,0.0,0.0,0.0,0.9625046900404386,False,False
17031824122,Illinois,Cook County,6423,49,0.3070605157031287,9.83860955927995,90.8359251693184,13.743754811125699,3.98752692196422,1.63819512649894,117468.0,0.12427724207530234,0.9083592428900293,0.15675990953017663,0.07402713804203079,0.026419446618907706,0.5525201150623253,False,False
17031804705,Illinois,Cook County,3976,50,0.3069752542684814,7.2174307762142496,62.3894352465868,19.757624367304498,6.30871241108958,4.56934464623016,79299.0,0.09015008541769401,0.6238943464195394,0.22535351153402786,0.11711919033092154,0.0736905848465467,0.7116438070621587,False,False
17031824117,Illinois,Cook County,9868,51,0.30469931901788394,2.71337976920678,100.000000386794,9.37226451667966,0.969956297285103,4.2245199309899295,105203.0,0.03150835700791937,0.9999999941766701,0.10689912312305372,0.0180069226162094,0.06812953902861725,0.6036519781548338,False,False
17031827100,Illinois,Cook County,2716,52,0.3037022740570125,35.317460317460295,17.3731423662056,10.913331712293,5.3430948969732,7.7599332291304295,47632.0,0.4560061332512265,0.17373142197837788,0.12447638330298001,0.09919281581052469,0.12514574020949643,0.8436611497894693,False,False
17031351400,Illinois,Cook County,1437,53,0.29834032862694365,62.8540305010893,0.0,0.0,0.0,0.0,16004.0,0.8145260673134191,0.0,0.0,0.0,0.0,0.9755159044482428,False,False
17031340600,Illinois,Cook County,907,54,0.296657670395764,61.761949390815396,0.0363623129887775,0.0323069102183198,0.0599647613314839,0.0484100874368246,15645.0,0.8003074175311474,0.0003636231263638051,0.0003684894261154636,0.0011132262556754267,0.0007807175715307988,0.9770125484637512,False,False
17031827902,Illinois,Cook County,4524,55,0.2946358584914335,23.997412677878398,32.6002774165596,10.3037834636847,4.06225245650337,7.81851803007882,54708.0,0.30862166575001926,0.3260027710062151,0.11752393620105968,0.07541439324277294,0.1260905470864667,0.814161837662067,False,False
17031350400,Illinois,Cook County,389,56,0.29427379635612727,61.405244928253296,0.0,0.0,0.0,0.0,17332.0,0.7956632058684515,0.0,0.0,0.0,0.0,0.969979572268312,False,False
17031814500,Illinois,Cook County,4978,57,0.2935434217473673,3.1334622823984497,63.4657857877488,14.1180247712548,1.1244650180804399,9.4428627724725,68795.0,0.03697773659752769,0.6346578517268474,0.161028795718557,0.02087532667387525,0.15228662624590555,0.7554341935214908,False,False
17031843900,Illinois,Cook County,3533,58,0.292541759730226,28.4294234592445,20.0679155435741,6.722435095250461,8.175510551734739,6.26818322888264,44023.0,0.36632544666762135,0.20067915349090512,0.07667543053815823,0.15177568954925724,0.10108803861900915,0.8587067995164047,False,False
17031830007,Illinois,Cook County,5039,59,0.2919566687418105,24.0144810941271,29.041693423225702,12.438623152756701,1.99665420867703,8.49173275592566,49328.0,0.30884389268050566,0.2904169314177481,0.14187370677827116,0.037067234810073214,0.13694759349374316,0.8365906532705215,False,False
17031825302,Illinois,Cook County,6277,60,0.2914061280506617,8.96133434420015,66.23614003263259,9.4373512858293,1.2457733549272498,5.034031389291941,67396.0,0.11285531660791809,0.6623613939072028,0.10764149638157908,0.023127376421287225,0.08118466562132717,0.7612665193646558,False,False
17031690300,Illinois,Cook County,2191,61,0.29005499672713736,59.3320235756385,0.0,0.0,0.0,0.0,16929.0,0.7686703313862953,0.0,0.0,0.0,0.0,0.9716596489765289,False,False
17031824004,Illinois,Cook County,5371,62,0.2898228855015069,7.375705700236749,63.526787885986,16.76568806879,8.59300380703065,6.39826552937731,116269.0,0.09221078923613762,0.6352678727033075,0.19122778170832463,0.15952631580112547,0.10318589762151296,0.5575186559386334,False,False
17031824121,Illinois,Cook County,3174,63,0.28723094121433784,9.27580893682589,74.909285057592,10.5212114320448,0.0,4.50326955170072,90556.0,0.11694970488723416,0.749092843316259,0.12000389812688418,0.0,0.07262498075304011,0.6647142202026097,False,False
17031430500,Illinois,Cook County,3604,64,0.2870241078948697,58.64387783692911,0.0,0.0,0.0,0.0,19142.0,0.7597108290509628,0.0,0.0,0.0,0.0,0.9624338183182557,False,False
17031430300,Illinois,Cook County,2336,65,0.28651030764077257,57.7020202020202,0.0,0.0,0.0,0.0,16940.0,0.7474480550412835,0.0,0.0,0.0,0.0,0.9716137908033519,False,False
17031271300,Illinois,Cook County,1045,66,0.285636787477561,59.3465045592705,0.0,0.0,0.0,0.0,23333.0,0.7688588705275999,0.0,0.0,0.0,0.0,0.9449618543377662,False,False
17031806002,Illinois,Cook County,7550,67,0.28426343429151735,21.9557195571956,37.3363826059743,10.498910771497801,3.8338564015579504,5.37691305508334,64692.0,0.2820392817377355,0.3733638224413734,0.11974953899592962,0.07117429490147538,0.086714375556027,0.7725392921165631,False,False
17031280900,Illinois,Cook County,942,68,0.28338328790698314,56.3067608476287,0.0,0.0,0.0,0.0,17083.0,0.72928209288985,0.0,0.0,0.0,0.0,0.971017634552049,False,False
17031803610,Illinois,Cook County,7198,69,0.28076267963619966,12.655601659751001,62.148283370846904,15.558095040622,1.60103279641781,2.82768750308694,94239.0,0.1609538439679749,0.6214828276855111,0.1774540949359409,0.0297226521976328,0.04560258899220097,0.6493600700379372,False,False
17031827805,Illinois,Cook County,2866,70,0.2802861477552197,11.3460183227625,55.618124703609595,13.8336537694084,3.70973791231273,5.150240822206429,88828.0,0.1439033642424644,0.5561812416459934,0.157785288166577,0.06887007559042474,0.08305879456960412,0.6719181223162547,False,False
17031804610,Illinois,Cook County,2320,71,0.2763468152827831,8.5207100591716,68.183605501364,9.342588833693801,2.79018609724902,3.3141757947299495,92330.0,0.10711848778133627,0.6818360484057827,0.10656064521479362,0.05179889576325766,0.05344826698494062,0.6573185475465877,False,False
17031828504,Illinois,Cook County,5977,72,0.2753443776995241,30.858690457224803,25.322862856073904,6.66080553364928,0.025213093447381,5.757428381333559,50527.0,0.3979539551611428,0.25322862610663205,0.0759724898473679,0.00046807286461566936,0.09285100982317236,0.8315921123942136,False,False
17031680600,Illinois,Cook County,1431,73,0.27505150167107345,53.3864541832669,0.0,0.0,0.0,0.0,19954.0,0.6912603586736247,0.0,0.0,0.0,0.0,0.9590486513528161,False,False
17031640700,Illinois,Cook County,3156,74,0.27392575821206994,16.990022172948997,27.5139877551409,16.1582916408437,3.3733992361684098,6.05644091759643,56563.0,0.21738702160145623,0.27513987488495417,0.18429987806028106,0.06262605765773958,0.09767323497352061,0.8064284820944678,False,False
17031838600,Illinois,Cook County,1598,75,0.27237299695698763,51.208791208791204,0.0,0.0,0.0,0.0,17008.0,0.6629076778273054,0.0,0.0,0.0,0.0,0.9713303039146204,False,False
17031819400,Illinois,Cook County,5538,76,0.2719160082728926,11.206254653760201,47.640858894216095,14.835762051381499,1.6314000259810901,8.759061443707079,88750.0,0.14208367278993977,0.4764085843251567,0.1692152362251947,0.03028640991985719,0.141258847923878,0.6722432984533289,False,False
17031841600,Illinois,Cook County,1166,77,0.27069661121200017,52.366412213740496,0.0,0.0,0.0,0.0,23036.0,0.6779796422584521,0.0,0.0,0.0,0.0,0.946200025013549,False,False
17031260700,Illinois,Cook County,2032,78,0.2699069755426479,52.202643171806194,0.0,0.0,0.0,0.0,23661.0,0.6758474062637667,0.0,0.0,0.0,0.0,0.9435944469921207,False,False
17031834700,Illinois,Cook County,2078,79,0.2697657665293172,52.2662889518414,0.0,0.0,0.0,0.0,24063.0,0.6766760599671653,0.0,0.0,0.0,0.0,0.941918539208738,False,False
17031823605,Illinois,Cook County,4547,80,0.2687768508914713,14.6990441746319,54.440578632835,11.0832946118986,3.2542077941480403,2.47184122436866,93125.0,0.18755900469821482,0.5444057810523666,0.12641496334401017,0.060413307373028205,0.03986379657787704,0.6540042523033309,False,False
17031804106,Illinois,Cook County,7024,81,0.26872439041710006,3.125,88.5024664751776,10.8613548162336,0.859288399683313,2.46658155752644,127466.0,0.03686755958901588,0.8850246561747631,0.12388353996170219,0.015952409156384652,0.03977897305159281,0.5108392045691417,False,False
17031440800,Illinois,Cook County,1800,82,0.26822760227451153,42.055522740697,3.9702626334296296,2.57582897610135,1.4882266360794398,2.2396746350105903,26250.0,0.543734186511903,0.03970262594952743,0.029379650816528387,0.027628442586818062,0.03611960718613588,0.9328011005961563,False,False
17031380500,Illinois,Cook County,752,83,0.26613602220207894,49.7690531177829,0.0,0.0,0.0,0.0,21488.0,0.6441626125554512,0.0,0.0,0.0,0.0,0.9526535206570226,False,False
17031834900,Illinois,Cook County,2272,84,0.266094220358039,50.3405572755418,0.0,0.0,0.0,0.0,23333.0,0.6516034678104676,0.0,0.0,0.0,0.0,0.9449618543377662,False,False
17031260600,Illinois,Cook County,2478,85,0.2658531831577287,51.9047619047619,0.0,0.0,0.0,0.0,28565.0,0.6719690593415862,0.0,0.0,0.0,0.0,0.9231500396047859,False,False
17031420400,Illinois,Cook County,1329,86,0.26528679680090117,51.016799292661396,0.0,0.0,0.0,0.0,26607.0,0.6604079863750906,0.0,0.0,0.0,0.0,0.9313127944303164,False,False
17031270500,Illinois,Cook County,1689,87,0.2649049173288662,50.614754098360706,0.0,0.0,0.0,0.0,25901.0,0.6551734486098754,0.0,0.0,0.0,0.0,0.9342560553633218,False,False
17031811702,Illinois,Cook County,5124,88,0.26428046279965695,16.2349968414403,31.503449462988197,14.5125692665205,1.8817366785249,4.21173151786458,59375.0,0.20755676204978865,0.31503449157679764,0.1655289312516366,0.034933828306618064,0.06792329815264311,0.7947054654604577,False,False
17031691100,Illinois,Cook County,3266,89,0.26386838546153163,47.9786167724691,0.0,0.0,0.0,0.0,19160.0,0.6208515350979512,0.0,0.0,0.0,0.0,0.9623587776712386,False,False
17031251900,Illinois,Cook County,5731,90,0.2636343514888542,48.5399820305481,0.0,0.0,0.0,0.0,21250.0,0.6281603841655429,0.0,0.0,0.0,0.0,0.9536457247675825,False,False
17031260800,Illinois,Cook County,2539,91,0.2634880681693855,49.6051147047762,0.0,0.0,0.0,0.0,24787.0,0.6420281713875976,0.0,0.0,0.0,0.0,0.9389002376287156,False,False
17031670200,Illinois,Cook County,1380,92,0.26336839245006305,51.7084282460137,0.0,0.0,0.0,0.0,31528.0,0.6694128393795795,0.0,0.0,0.0,0.0,0.9107975153207988,False,False
17031700100,Illinois,Cook County,3427,93,0.26311029853751156,15.8147415984185,34.8021507241443,11.172925093982201,1.8020480152784801,6.969875125260789,68837.0,0.20208513355674407,0.3480215038686726,0.12743727976740835,0.033454434238572056,0.11240434111522138,0.7552590986784509,False,False
17031803015,Illinois,Cook County,4459,94,0.263089147445874,4.05375139977604,63.50449309503669,12.4090236478246,5.35461896392058,2.94280405662956,104609.0,0.04895969337283167,0.6350449247959751,0.14153609774936604,0.09940675635849197,0.04745909289217997,0.6061283195063993,False,False
17031842500,Illinois,Cook County,2451,95,0.2623721070403541,63.387423935091306,0.0,0.0,0.0,0.0,69436.0,0.8214707295394105,0.0,0.0,0.0,0.0,0.752761912702714,False,True
17031420600,Illinois,Cook County,2219,96,0.2621053022377554,48.545541249403904,0.0,0.0,0.0,0.0,23468.0,0.6282327639413947,0.0,0.0,0.0,0.0,0.9443990494851378,False,False
17031811701,Illinois,Cook County,3858,97,0.26206578427687893,15.2871184687015,32.966199397901704,11.165482160177099,2.80990816076101,6.78366455774893,68036.0,0.19521559939129135,0.3296619907841737,0.12735238639976892,0.052165029446276566,0.10940129216904979,0.7585984074707133,False,False
17031820901,Illinois,Cook County,5686,98,0.26152057585294974,14.5440700552065,34.5540006860247,9.08459123077262,3.70013520191233,6.05420663382202,65758.0,0.18554127661126615,0.34554000351152553,0.10361795004533475,0.06869180440071253,0.09763720230564443,0.768095218243215,False,False
17031824113,Illinois,Cook County,6562,99,0.2607376875905359,3.04553943398937,68.7842779816536,12.6668867166078,0.569031178148178,4.67815091087294,103617.0,0.03583300093858481,0.6878427731504659,0.14447725843573872,0.010563878413702297,0.07544532166271346,0.6102638929420103,False,False
17031260500,Illinois,Cook County,1934,100,0.26033635919504095,49.2119089316988,0.0,0.0,0.0,0.0,28095.0,0.6369087208933457,0.0,0.0,0.0,0.0,0.9251094342769,False,False
17031381500,Illinois,Cook County,237,101,0.26001133236044355,49.3333333333333,0.0,0.0,0.0,0.0,28942.0,0.6384896392204009,0.0,0.0,0.0,0.0,0.9215783549422604,False,False
17031271400,Illinois,Cook County,1527,102,0.25996247882236584,47.2480948348857,0.0,0.0,0.0,0.0,22500.0,0.6113403042094692,0.0,0.0,0.0,0.0,0.9484345687247259,False,False
17031843100,Illinois,Cook County,1892,103,0.2594749295268464,48.1575603557814,0.0,0.0,0.0,0.0,26042.0,0.6231813401993912,0.0,0.0,0.0,0.0,0.9336682369616875,False,False
17031710100,Illinois,Cook County,1275,104,0.25935024382899863,49.407474931631704,0.0,0.0,0.0,0.0,30125.0,0.6394549461106909,0.0,0.0,0.0,0.0,0.9166465168633009,False,False
17031260100,Illinois,Cook County,1248,105,0.25915787865888373,50.7798960138648,0.0,0.0,0.0,0.0,34688.0,0.6573235591088449,0.0,0.0,0.0,0.0,0.8976237128444574,False,False
17031031501,Illinois,Cook County,4083,106,0.25789063899242143,46.8715936341836,0.0,0.0,0.0,0.0,24306.0,0.6064383434805217,0.0,0.0,0.0,0.0,0.9409054904740067,False,False
17031611000,Illinois,Cook County,1098,107,0.257795165979018,46.5768799102132,0.0,0.0,0.0,0.0,23523.0,0.6026012372548558,0.0,0.0,0.0,0.0,0.9441697586192521,False,False
17031291200,Illinois,Cook County,2240,108,0.2576239146722672,45.2699959399107,0.0,0.0,0.0,0.0,19688.0,0.5855859026748671,0.0,0.0,0.0,0.0,0.960157585358736,False,False
17031530503,Illinois,Cook County,5345,109,0.2574690061806519,28.765514927876602,13.616763053442698,6.05786094279965,2.2226791345199,4.769684877058681,45952.0,0.3707012817977525,0.13616762921478973,0.06909536341341956,0.04126331391217189,0.07692150523470911,0.8506649435110685,False,False
17031804311,Illinois,Cook County,8148,110,0.2572479624207274,4.4796104686549,70.5657226019793,8.4322971424829,0.609062296980915,3.91607793760212,103036.0,0.05450428241482521,0.7056572191810784,0.09617794811918061,0.011307043091408902,0.06315524344714155,0.61268603827073,False,False
17031491300,Illinois,Cook County,2886,111,0.25616251969405407,48.7523992322457,0.0,0.0,0.0,0.0,32667.0,0.6309260082297764,0.0,0.0,0.0,0.0,0.9060491099345479,False,False
17031671100,Illinois,Cook County,1259,112,0.25566064399328875,48.0673934588702,0.0,0.0,0.0,0.0,31250.0,0.6220073875350025,0.0,0.0,0.0,0.0,0.9119564764247301,False,False
17031400800,Illinois,Cook County,2701,113,0.25561911716266034,45.750184774575,0.0,0.0,0.0,0.0,24073.0,0.5918378530155669,0.0,0.0,0.0,0.0,0.9418768499603952,False,False
17031804102,Illinois,Cook County,6993,114,0.25412577077518966,1.4523406655386402,99.1281793765267,5.0597592087485594,1.11811478351087,0.7050060010649559,147206.0,0.01508991225310621,0.9912817841584876,0.05771111364456428,0.020757436638201395,0.011369749616427787,0.428544628340351,False,False
17031680500,Illinois,Cook County,1481,115,0.25411297493561963,44.890234670704,0.0,0.0,0.0,0.0,23555.0,0.5806414965891626,0.0,0.0,0.0,0.0,0.944036353024555,False,False
17031460700,Illinois,Cook County,3314,116,0.2539899278211543,45.051585785250296,0.0,0.0,0.0,0.0,24236.0,0.5827422517145193,0.0,0.0,0.0,0.0,0.9411973152124067,False,False
17031801601,Illinois,Cook County,4234,117,0.2539551593613479,5.24994293540288,81.16946424342831,10.9581986689182,4.55813938052722,0.8612368853324739,148295.0,0.06453383741542024,0.8116946345679312,0.124988131377514,0.08462037241140234,0.01388931120000518,0.42400466919581437,False,False
17031491000,Illinois,Cook County,5247,118,0.25376861901847325,48.587704723475,0.0,0.0,0.0,0.0,35598.0,0.6287817228655816,0.0,0.0,0.0,0.0,0.8938299912452579,False,False
17031838700,Illinois,Cook County,4484,119,0.25375128182294254,45.0953045095304,0.0,0.0,0.0,0.0,24716.0,0.5833114596457054,0.0,0.0,0.0,0.0,0.9391962312919498,False,False
17031836100,Illinois,Cook County,1761,120,0.25301559097961185,41.0985777341834,3.1815841269384797,0.0008639846206523691,0.00121923465583775,1.5780874839830101,27037.0,0.5312749783262601,0.03181584096104889,9.85452322383479e-06,2.263469411985048e-05,0.025450080621444507,0.9295201567515737,False,False
17031842900,Illinois,Cook County,2341,121,0.252915911004575,43.6466317063332,0.0,0.0,0.0,0.0,21394.0,0.5644500664360046,0.0,0.0,0.0,0.0,0.9530453995914454,False,False
17031292200,Illinois,Cook County,2961,122,0.25274512687397865,48.2047364400306,0.0,0.0,0.0,0.0,35875.0,0.6237955621777111,0.0,0.0,0.0,0.0,0.8926751990661609,False,False
17031837000,Illinois,Cook County,2085,123,0.252235202192646,47.8778467908903,0.0,0.0,0.0,0.0,35588.0,0.6195395326622755,0.0,0.0,0.0,0.0,0.8938716804936007,False,False
17031820202,Illinois,Cook County,3536,124,0.2522285308221679,11.960542540074,31.349847579930103,12.692919520796101,0.699278578887458,6.39129292815782,61190.0,0.15190433097146985,0.31349847276110265,0.14477418602834036,0.012981878969644098,0.10307344931622045,0.78713886688623,False,False
17031834500,Illinois,Cook County,1475,125,0.252151406852753,35.4744525547445,5.59464700343245,3.99384288464562,1.91558437022513,2.50277358568264,39531.0,0.4580501367775942,0.05594646949213216,0.04555337736147431,0.035562199674368675,0.040362647938934355,0.877433609872014,False,False
17031611700,Illinois,Cook County,1990,126,0.25155718703322233,44.958968347010604,0.0,0.0,0.0,0.0,27448.0,0.5815363935546514,0.0,0.0,0.0,0.0,0.9278067286446825,False,False
17031804507,Illinois,Cook County,12480,127,0.2509014175340108,3.2216598377119,75.3315772697925,7.50464440435444,2.43052592911612,2.42025888489554,119460.0,0.03812604887841675,0.7533157653973386,0.08559723263765003,0.045121921930695016,0.03903191956753522,0.5442156167924292,False,False
17031834600,Illinois,Cook County,3778,128,0.25072365740274866,40.2025316455696,2.63006488376979,1.59754217018079,1.42851030468044,0.9740804744543591,34602.0,0.5196086603184533,0.026300648582811215,0.01822140816026904,0.026519828351892757,0.015709158622859497,0.8979822403802059,False,False
17031681100,Illinois,Cook County,3517,129,0.2494920937788919,43.8487972508591,0.0,0.0,0.0,0.0,26953.0,0.5670822162356977,0.0,0.0,0.0,0.0,0.9298703464376538,False,False
17031681000,Illinois,Cook County,3498,130,0.2492854853404783,46.2703521393412,0.0,0.0,0.0,0.0,34813.0,0.5986103148026981,0.0,0.0,0.0,0.0,0.8971025972401717,False,False
17031843000,Illinois,Cook County,2378,131,0.2478796310268768,42.5405619311437,0.0,0.0,0.0,0.0,25188.0,0.5500492873910936,0.0,0.0,0.0,0.0,0.9372284987701671,False,False
17031290900,Illinois,Cook County,4530,132,0.24748562638640328,44.1050375133976,0.0,0.0,0.0,0.0,30641.0,0.5704184066696101,0.0,0.0,0.0,0.0,0.9144953516488098,False,False
17031251500,Illinois,Cook County,4784,133,0.2471780547130427,45.4326923076923,0.0,0.0,0.0,0.0,35230.0,0.5877041726939813,0.0,0.0,0.0,0.0,0.8953641555842748,False,False
17031010503,Illinois,Cook County,2290,134,0.24699211931890797,48.0443666082896,0.0,0.0,0.0,0.0,43654.0,0.621707583133192,0.0,0.0,0.0,0.0,0.8602451327802559,False,False
17031671200,Illinois,Cook County,1252,135,0.2465786245681445,42.7050053248136,0.0,0.0,0.0,0.0,27574.0,0.5521903032933045,0.0,0.0,0.0,0.0,0.9272814441155626,False,False
17031611900,Illinois,Cook County,2045,136,0.24632274956082703,42.4522845575477,0.0,0.0,0.0,0.0,27153.0,0.5488999358941654,0.0,0.0,0.0,0.0,0.9290365614707967,False,False
17031300800,Illinois,Cook County,4610,137,0.24528403714828542,41.965601965602,0.0,0.0,0.0,0.0,27128.0,0.5425634382980588,0.0,0.0,0.0,0.0,0.9291407845916538,False,False
17031835900,Illinois,Cook County,3271,138,0.24500570161646082,43.001579778831,0.0,0.0,0.0,0.0,30764.0,0.5560516358045722,0.0,0.0,0.0,0.0,0.9139825738941927,False,False
17031420700,Illinois,Cook County,3261,139,0.24475780232074396,55.270092226614,0.0,0.0,0.0,0.0,69436.0,0.7157849012217496,0.0,0.0,0.0,0.0,0.752761912702714,False,True
17031671400,Illinois,Cook County,2072,140,0.2447290693016564,42.7546628407461,0.0,0.0,0.0,0.0,30391.0,0.5528368329525573,0.0,0.0,0.0,0.0,0.9155375828573811,False,False
17031826800,Illinois,Cook County,5436,141,0.2444516448398281,32.5057736720554,6.6178138420942405,3.3220992133754996,1.84882295283343,1.6247835143624398,38264.0,0.41939860718709043,0.06617813777959221,0.03789153541341151,0.03432279571350399,0.026203155308317003,0.8827156376370534,False,False
17031690400,Illinois,Cook County,3464,142,0.24419689274301212,39.3989983305509,0.0,0.0,0.0,0.0,20677.0,0.5091468377604447,0.0,0.0,0.0,0.0,0.9560345186976279,False,False
17031835800,Illinois,Cook County,1576,143,0.24312444429220093,42.5726587728741,0.0,0.0,0.0,0.0,32132.0,0.5504671810323151,0.0,0.0,0.0,0.0,0.9082794847208905,False,False
17031691500,Illinois,Cook County,1930,144,0.24299322562100012,42.1298701298701,0.0,0.0,0.0,0.0,30938.0,0.5447021727529738,0.0,0.0,0.0,0.0,0.913257180973027,False,False
17031834800,Illinois,Cook County,1953,145,0.24295187144533456,43.5997400909682,0.0,0.0,0.0,0.0,35588.0,0.5638395481784066,0.0,0.0,0.0,0.0,0.8938716804936007,False,False
17031836900,Illinois,Cook County,1442,146,0.24287736089408204,40.687450039968,0.0,0.0,0.0,0.0,26600.0,0.5259221884603357,0.0,0.0,0.0,0.0,0.9313419769041564,False,False
17031804701,Illinois,Cook County,6837,147,0.24220694508225374,7.86068061990733,45.810555815333,8.55921892720947,2.44346516422092,3.1825952657457,81541.0,0.0985250533243168,0.45810555371370537,0.09762560545624539,0.0453621346143976,0.05132624580116606,0.7022970775836912,False,False
17031440101,Illinois,Cook County,3746,148,0.24159746438538277,39.6589524969549,0.0,0.0,0.0,0.0,25230.0,0.5125313823851694,0.0,0.0,0.0,0.0,0.9370534039271272,False,False
17031681300,Illinois,Cook County,2936,149,0.24138482150136797,40.0614304519526,0.0,0.0,0.0,0.0,26793.0,0.5177715545970685,0.0,0.0,0.0,0.0,0.9305373744111394,False,False
17031806104,Illinois,Cook County,4206,150,0.24121123893138344,16.5895418787598,19.68051496941,8.044831542439029,1.4807949798422,5.85799864000129,52212.0,0.2121728584827945,0.1968051477868082,0.09175855376562564,0.027490476310245798,0.09447292319438368,0.8245674740484429,False,False
17031681200,Illinois,Cook County,2716,151,0.2411258584639732,39.2344497607656,0.0,0.0,0.0,0.0,24583.0,0.5070044524889293,0.0,0.0,0.0,0.0,0.9397506982949098,False,False
17031251100,Illinois,Cook County,4302,152,0.2409547790629941,41.598731884058,0.0,0.0,0.0,0.0,32213.0,0.5377868725686512,0.0,0.0,0.0,0.0,0.9079418018093134,False,False
17031826700,Illinois,Cook County,5569,153,0.24085853205915975,28.653807914098202,7.4802271059844205,2.5774881085837498,2.66569650620524,2.94974802352836,40200.0,0.36924688166923086,0.07480227033491521,0.02939857471770487,0.04948778706823365,0.04757107940699667,0.8746445991578772,False,False
17031837400,Illinois,Cook County,2279,154,0.24068272382987344,43.2664756446991,0.0,0.0,0.0,0.0,37813.0,0.5595005202419244,0.0,0.0,0.0,0.0,0.8845958227373161,False,False
17031610400,Illinois,Cook County,2213,155,0.24041193503808703,41.8980312973246,0.0,0.0,0.0,0.0,33929.0,0.5416836834348422,0.0,0.0,0.0,0.0,0.9007879267936799,False,False
17031826901,Illinois,Cook County,1894,156,0.24027935502383765,39.3300918422474,0.0,0.0,0.0,0.0,26100.0,0.508249690821727,0.0,0.0,0.0,0.0,0.933426439321299,False,False
17031829302,Illinois,Cook County,3982,157,0.23996051381843908,43.0489260143198,0.0,0.0,0.0,0.0,38173.0,0.5566680731136611,0.0,0.0,0.0,0.0,0.8830950097969734,False,False
17031804305,Illinois,Cook County,7216,158,0.23971496050644311,3.0780141843971602,47.9238991362059,9.44600549608855,1.20100422980793,5.59736591529527,81495.0,0.03625581486556432,0.47923898671762455,0.1077402054487837,0.022296252200664703,0.09026965567995329,0.7024888481260683,False,False
17031420100,Illinois,Cook County,1441,159,0.23953825445795685,38.769868693849304,0.0,0.0,0.0,0.0,25417.0,0.5009557117646253,0.0,0.0,0.0,0.0,0.9362738149831158,False,False
17031835600,Illinois,Cook County,1199,160,0.2381336696437563,11.5890083632019,12.8304868066579,6.739668412642049,7.327613725463091,4.65262851692961,42396.0,0.14706703977268332,0.1283048668231419,0.07687199205372189,0.13603476124151997,0.07503371774968413,0.8654896402217868,False,False
17031680900,Illinois,Cook County,4019,161,0.23752073522301695,37.8996773247287,0.0,0.0,0.0,0.0,25603.0,0.48962601637416286,0.0,0.0,0.0,0.0,0.9354983949639388,False,False
17031400300,Illinois,Cook County,1567,162,0.23750655184683253,41.002277904328,0.0,0.0,0.0,0.0,35313.0,0.530021176257966,0.0,0.0,0.0,0.0,0.8950181348230292,False,False
17031840800,Illinois,Cook County,3716,163,0.23735948891699046,39.986715376951196,0.0,0.0,0.0,0.0,32353.0,0.5167987811694292,0.0,0.0,0.0,0.0,0.9073581523325135,False,False
17031817300,Illinois,Cook County,2653,164,0.23704582411839184,42.8174603174603,0.0,0.0,0.0,0.0,41645.0,0.5536544419380159,0.0,0.0,0.0,0.0,0.868620502772335,False,False
17031252202,Illinois,Cook County,4609,165,0.23664963472606262,38.8744588744589,0.0,0.0,0.0,0.0,29901.0,0.5023174523301951,0.0,0.0,0.0,0.0,0.9175803560261808,False,False
17031650400,Illinois,Cook County,6743,166,0.2360663209065846,15.7361963190184,18.4229773005887,11.124074973092,1.52869696813498,3.02607304948036,51618.0,0.20106249173157728,0.18422977122046652,0.12688010011479353,0.02837976111489625,0.0488019858577655,0.8270438154000084,False,False
17031841700,Illinois,Cook County,1442,167,0.23599354089732824,39.3972602739726,0.0,0.0,0.0,0.0,32478.0,0.5091242086557416,0.0,0.0,0.0,0.0,0.9068370367282278,False,False
17031460302,Illinois,Cook County,3803,168,0.23580584576353295,37.8983634797588,0.0,0.0,0.0,0.0,28067.0,0.48960891040893784,0.0,0.0,0.0,0.0,0.92522616417226,False,False
17031842800,Illinois,Cook County,7498,169,0.2357046807148381,39.4517795637199,0.0,0.0,0.0,0.0,33064.0,0.5098340375136922,0.0,0.0,0.0,0.0,0.9043940467753366,False,False
17031460200,Illinois,Cook County,2385,170,0.23527381496080332,39.4930498773508,0.0,0.0,0.0,0.0,33813.0,0.5103713676903628,0.0,0.0,0.0,0.0,0.901271522074457,False,False
17031801605,Illinois,Cook County,5599,171,0.23520313045048202,1.125,89.96130660678449,6.631224960018491,0.28119867607306903,1.19499622947035,153897.0,0.010828010605872048,0.8996130573494519,0.07563509674701518,0.0052203617977439115,0.019271903928660798,0.40065035227414847,False,False
17031670300,Illinois,Cook County,1411,172,0.23513544569608139,39.6092362344583,0.0,0.0,0.0,0.0,34375.0,0.5118840878588998,0.0,0.0,0.0,0.0,0.8989285863175887,False,False
17031824108,Illinois,Cook County,8063,173,0.23480758722363984,14.3236745539668,45.3010373397817,4.88138377196827,1.30037382129158,3.00118434032686,95298.0,0.1826717768861683,0.4530103690075712,0.05567658103565537,0.02414101628875689,0.04840060148525812,0.6449451786384292,False,False
17031835500,Illinois,Cook County,1677,174,0.2347756716871272,38.0662609871535,0.0,0.0,0.0,0.0,30074.0,0.4917948980929139,0.0,0.0,0.0,0.0,0.9168591320298495,False,False
17031843300,Illinois,Cook County,1228,175,0.23407848608203738,44.7800741918389,0.0,0.0,0.0,0.0,52045.0,0.5792072319964555,0.0,0.0,0.0,0.0,0.8252636844957686,False,False
17031826902,Illinois,Cook County,1643,176,0.2337703447060416,38.711819389110204,0.0,0.0,0.0,0.0,33537.0,0.5001999229075297,0.0,0.0,0.0,0.0,0.9024221453287198,False,False
17031836700,Illinois,Cook County,2397,177,0.23334611094568425,38.8109000825764,0.0,0.0,0.0,0.0,34457.0,0.5014899311929282,0.0,0.0,0.0,0.0,0.8985867344811773,False,False
17031271200,Illinois,Cook County,1170,178,0.23312407662730628,37.4505146476643,0.0,0.0,0.0,0.0,30528.0,0.4837780196087536,0.0,0.0,0.0,0.0,0.914966440155084,False,False
17031300900,Illinois,Cook County,5050,179,0.2330275418537768,37.2369624885636,0.0,0.0,0.0,0.0,30000.0,0.4809976186550742,0.0,0.0,0.0,0.0,0.9171676324675866,False,False
17031431302,Illinois,Cook County,4166,180,0.23243836529984763,37.5832540437678,0.49302970567576,0.248027202662973,0.294942669162959,0.208077104049094,35909.0,0.4855062566121687,0.0049302970089767605,0.0028289737691621305,0.0054755145512237115,0.0033556942357595887,0.8925334556217951,False,False
17031611200,Illinois,Cook County,2824,181,0.23238261568114918,36.1943319838057,0.0,0.0,0.0,0.0,27672.0,0.4674228046050925,0.0,0.0,0.0,0.0,0.9268728894818027,False,False
17031500200,Illinois,Cook County,2015,182,0.23237422469396285,37.167713871435495,0.0,0.0,0.0,0.0,30724.0,0.4800960172762131,0.0,0.0,0.0,0.0,0.9141493308875641,False,False
17031460100,Illinois,Cook County,3405,183,0.23230397913041942,37.5404530744337,0.08224873246950551,0.044247736052094394,0.025853227258474804,0.019992810363570798,32500.0,0.484948997643418,0.0008224873167241084,0.0005046853058544434,0.0004799567402424876,0.0003224273944039506,0.9067453203818735,False,False
17031380100,Illinois,Cook County,1924,184,0.23209234083157174,39.3877551020408,0.0,0.0,0.0,0.0,38063.0,0.5090004534606859,0.0,0.0,0.0,0.0,0.8835535915287447,False,False
17031260300,Illinois,Cook County,1564,185,0.2320308116803604,37.4125874125874,0.0,0.0,0.0,0.0,31983.0,0.4832842155609635,0.0,0.0,0.0,0.0,0.908900654521199,False,False
17031827300,Illinois,Cook County,2947,186,0.2317206978295471,36.1201592471951,0.0,0.0,0.0,0.0,28393.0,0.46645709230099974,0.0,0.0,0.0,0.0,0.923867094676283,False,False
17031280400,Illinois,Cook County,1366,187,0.230811629594168,36.7940673131774,0.0,0.0,0.0,0.0,31806.0,0.4752312233481407,0.0,0.0,0.0,0.0,0.9096385542168675,False,False
17031829401,Illinois,Cook County,1394,188,0.23067795411580935,37.6552795031056,0.0,0.0,0.0,0.0,34688.0,0.48644401185039865,0.0,0.0,0.0,0.0,0.8976237128444574,False,False
17031611500,Illinois,Cook County,3567,189,0.2301011235336119,38.0589914367269,0.0,0.0,0.0,0.0,36779.0,0.49170025018570446,0.0,0.0,0.0,0.0,0.888906491015967,False,False
17031700200,Illinois,Cook County,6609,190,0.22990979045174828,9.710494571773221,34.9844641512563,8.140642258479119,0.22629820921844002,3.9996335249541404,71190.0,0.12260921382897418,0.34984463812212413,0.09285136132694125,0.004201152518921636,0.0645027583701507,0.7454496185433777,False,False
17031430101,Illinois,Cook County,3689,191,0.2295330711918653,35.760102629891,0.0,0.0,0.0,0.0,30417.0,0.46176923633950223,0.0,0.0,0.0,0.0,0.9154291908116896,False,False
17031251800,Illinois,Cook County,5112,192,0.22948217586465677,35.821501014198795,0.0,0.0,0.0,0.0,30682.0,0.46256862945733657,0.0,0.0,0.0,0.0,0.914324425730604,False,False
17031430400,Illinois,Cook County,2892,193,0.22940050963292793,39.203276247207704,0.0,0.0,0.0,0.0,41361.0,0.5065985803722957,0.0,0.0,0.0,0.0,0.869804477425272,False,False
17031841500,Illinois,Cook County,2962,194,0.2293852152892455,35.862311204777,0.0,0.0,0.0,0.0,30949.0,0.4630999689356229,0.0,0.0,0.0,0.0,0.91321132279985,False,False
17031710900,Illinois,Cook County,2198,195,0.22899252919990762,37.8097125867195,0.0,0.0,0.0,0.0,37596.0,0.4884546957730897,0.0,0.0,0.0,0.0,0.8855004794263559,False,False
17031231500,Illinois,Cook County,6039,196,0.22820662538445124,37.525987525987496,0.0,0.0,0.0,0.0,37841.0,0.4847606594647515,0.0,0.0,0.0,0.0,0.884479092841956,False,False
17031421200,Illinois,Cook County,1380,197,0.22816527515741902,42.7726120033812,0.0,0.0,0.0,0.0,54286.0,0.5530705270023788,0.0,0.0,0.0,0.0,0.8159211239421353,False,False
17031611100,Illinois,Cook County,2922,198,0.22791015075903032,33.606204222318,0.0,0.0,0.0,0.0,26026.0,0.43372596479514586,0.0,0.0,0.0,0.0,0.9337349397590361,False,False
17031828900,Illinois,Cook County,3920,199,0.2274303884158757,38.403918179199096,0.0,0.0,0.0,0.0,41700.0,0.49619111858880494,0.0,0.0,0.0,0.0,0.8683912119064493,False,False
17031660900,Illinois,Cook County,4232,200,0.2273419448891951,35.9699892818864,0.0,0.0,0.0,0.0,34226.0,0.4645019132172733,0.0,0.0,0.0,0.0,0.8995497561178972,False,False
17031829901,Illinois,Cook County,8744,201,0.22719557333643484,6.624119718309859,45.4985342157588,4.96689762782362,0.9078165006579659,4.4229939669905,86667.0,0.08242530924042288,0.45498533774820227,0.05665194362700556,0.016853317538966472,0.07133036298086677,0.6809271688831451,False,False
17031670400,Illinois,Cook County,1956,202,0.22681888801100983,34.4202898550725,0.0,0.0,0.0,0.0,30139.0,0.4443251761504381,0.0,0.0,0.0,0.0,0.9165881519156209,False,False
17031252101,Illinois,Cook County,1370,203,0.2268137495611522,34.3474779823859,0.0,0.0,0.0,0.0,29919.0,0.4433771819877495,0.0,0.0,0.0,0.0,0.9175053153791637,False,False
17031843500,Illinois,Cook County,11309,204,0.22668409883819196,34.2637151106834,0.0,0.0,0.0,0.0,29844.0,0.4422866082874165,0.0,0.0,0.0,0.0,0.9178179847417351,False,False
17031292400,Illinois,Cook County,2268,205,0.22664338686458121,38.447571493418096,0.0,0.0,0.0,0.0,42969.0,0.49675947489574607,0.0,0.0,0.0,0.0,0.8631008462917413,False,False
17031670800,Illinois,Cook County,1635,206,0.22641492850919964,33.7320574162679,0.0,0.0,0.0,0.0,28571.0,0.4353645449994176,0.0,0.0,0.0,0.0,0.9231250260557802,False,False
17031828202,Illinois,Cook County,4585,207,0.22604845611118515,7.02797973121833,41.1057171134548,4.96645086720147,2.7086113096163302,5.607173416685559,91641.0,0.08768347553465448,0.41105716715088203,0.05664684791948805,0.05028448641054041,0.09042782289413576,0.6601909367574103,False,False
17031691200,Illinois,Cook County,2847,208,0.22604382986730975,37.2852812394746,0.0,0.0,0.0,0.0,40202.0,0.48162671789564987,0.0,0.0,0.0,0.0,0.8746362613082086,False,False
17031804807,Illinois,Cook County,5172,209,0.22599683101449916,4.25043078690408,53.2721903080039,5.09146227505294,0.054875597156107694,3.73012055604713,93488.0,0.051520414640379326,0.5327218979172873,0.058072715686655486,0.0010187475809725723,0.060156277673214804,0.6524909325884855,False,False
17031301200,Illinois,Cook County,4012,210,0.22567457151527182,34.470905966118295,0.0,0.0,0.0,0.0,31944.0,0.4449841865018947,0.0,0.0,0.0,0.0,0.9090632425897361,False,False
17031431301,Illinois,Cook County,3545,211,0.22522988165338778,35.0056369785795,0.0,0.0,0.0,0.0,34254.0,0.45194626369778956,0.0,0.0,0.0,0.0,0.8994330262225372,False,False
17031301701,Illinois,Cook County,4381,212,0.22468018820355318,35.1762617296475,0.0,0.0,0.0,0.0,35578.0,0.4541677594793755,0.0,0.0,0.0,0.0,0.8939133697419436,False,False
17031822500,Illinois,Cook County,4455,213,0.2245271808819357,7.606370335155691,33.681671532533706,6.744692549036289,2.94055880569185,3.7821988039809398,76667.0,0.09521399076596301,0.3368167120611554,0.07692929685706361,0.054590516099244785,0.060996152282190096,0.7226164172259975,False,False
17031351500,Illinois,Cook County,255,214,0.22391779406593204,45.6662354463131,0.0,0.0,0.0,0.0,69436.0,0.5907448516928782,0.0,0.0,0.0,0.0,0.752761912702714,False,True
17031230500,Illinois,Cook County,3570,215,0.22376505073496722,34.5371166523359,0.0,0.0,0.0,0.0,34899.0,0.44584623470538015,0.0,0.0,0.0,0.0,0.8967440697044232,False,False
17031821002,Illinois,Cook County,5593,216,0.22354353570698562,12.3915503583553,22.325475514634498,10.2335201691081,2.2784937585914,3.39214327658674,70875.0,0.1575159555695968,0.22325475298272288,0.116722520004941,0.04229949422186362,0.05470566159661203,0.7467628298661775,False,False
17031420200,Illinois,Cook County,1723,217,0.22346421369315028,36.8560105680317,0.0,0.0,0.0,0.0,42574.0,0.4760377105576177,0.0,0.0,0.0,0.0,0.864747571601284,False,False
17031711000,Illinois,Cook County,3475,218,0.2233305766755388,34.1633466135458,0.0,0.0,0.0,0.0,34357.0,0.440979833088627,0.0,0.0,0.0,0.0,0.8990036269646058,False,False
17031252000,Illinois,Cook County,5719,219,0.22293890301300426,33.531047265987,0.0,0.0,0.0,0.0,32946.0,0.4327474381722433,0.0,0.0,0.0,0.0,0.9048859799057823,False,False
17031837300,Illinois,Cook County,2483,220,0.22258066061903148,33.362753751103305,0.0,0.0,0.0,0.0,32936.0,0.43055629456006367,0.0,0.0,0.0,0.0,0.9049276691541251,False,False
17031660301,Illinois,Cook County,1785,221,0.2225286547434173,32.7989311957248,0.0,0.0,0.0,0.0,31250.0,0.42321545203577365,0.0,0.0,0.0,0.0,0.9119564764247301,False,False
17031271500,Illinois,Cook County,1397,222,0.2225060458918159,34.5656192236599,0.0,0.0,0.0,0.0,36800.0,0.4462173317564486,0.0,0.0,0.0,0.0,0.888818943594447,False,False
17031430200,Illinois,Cook County,4680,223,0.2225034487101647,32.5942350332594,0.0,0.0,0.0,0.0,30647.0,0.420550354161184,0.0,0.0,0.0,0.0,0.914470338099804,False,False
17031260400,Illinois,Cook County,1271,224,0.22219791396833785,31.179039301310002,0.0,0.0,0.0,0.0,26667.0,0.4021248248697678,0.0,0.0,0.0,0.0,0.9310626589402593,False,False
17031833900,Illinois,Cook County,2714,225,0.2221756796641973,33.8735177865613,0.0,0.0,0.0,0.0,35114.0,0.437206327120132,0.0,0.0,0.0,0.0,0.8958477508650519,False,False
17031301600,Illinois,Cook County,4654,226,0.22207855140872526,32.809882747068706,0.0,0.0,0.0,0.0,31932.0,0.4233580387646042,0.0,0.0,0.0,0.0,0.9091132696877475,False,False
17031340300,Illinois,Cook County,1786,227,0.22203559626036695,33.8595536200327,0.0,0.0,0.0,0.0,35272.0,0.4370245168209668,0.0,0.0,0.0,0.0,0.8951890607412348,False,False
17031803612,Illinois,Cook County,3536,228,0.22186140558696785,29.118432769367804,6.75168551875455,1.6914310447905399,0.42059677861519695,1.55158825997096,49414.0,0.3752961925080203,0.06751685453322143,0.019292295388102884,0.007808242151063281,0.02502272320662602,0.836232125734773,False,False
17031835000,Illinois,Cook County,5778,229,0.22180479070104717,32.7797833935018,0.0,0.0,0.0,0.0,32232.0,0.42296615196882104,0.0,0.0,0.0,0.0,0.9078625922374619,False,False
17031250300,Illinois,Cook County,4725,230,0.2217718066374789,32.8020464384101,0.0,0.0,0.0,0.0,32349.0,0.42325601179302286,0.0,0.0,0.0,0.0,0.9073748280318505,False,False
17031671800,Illinois,Cook County,1422,231,0.22156182236558944,35.031847133758,0.0,0.0,0.0,0.0,39615.0,0.4522875140076027,0.0,0.0,0.0,0.0,0.8770834201859341,False,False
17031611400,Illinois,Cook County,4105,232,0.22123295987736588,35.4838709677419,0.0,0.0,0.0,0.0,41500.0,0.45817276239088883,0.0,0.0,0.0,0.0,0.8692249968733063,False,False
17031840700,Illinois,Cook County,4249,233,0.22066915597500167,34.4603732756289,0.0,0.0,0.0,0.0,39115.0,0.4448470532469333,0.0,0.0,0.0,0.0,0.8791678826030767,False,False
17031301100,Illinois,Cook County,2617,234,0.2205736778226349,31.6549731737515,0.0,0.0,0.0,0.0,30491.0,0.4083213765618567,0.0,0.0,0.0,0.0,0.9151206903739526,False,False
17031351000,Illinois,Cook County,3267,235,0.22015256802389996,29.7763406090003,0.0,0.0,0.0,0.0,25230.0,0.38386200421627265,0.0,0.0,0.0,0.0,0.9370534039271272,False,False
17031010201,Illinois,Cook County,6450,236,0.22006831423358797,36.8398576512456,0.0,0.0,0.0,0.0,47411.0,0.47582740322368156,0.0,0.0,0.0,0.0,0.8445824821778464,False,False
17031460301,Illinois,Cook County,3404,237,0.21956726058829937,33.985879332477495,0.0,0.0,0.0,0.0,39219.0,0.43866924910948524,0.0,0.0,0.0,0.0,0.878734314420311,False,False
17031660600,Illinois,Cook County,6333,238,0.21956207866688301,31.7177598903922,0.0,0.0,0.0,0.0,32143.0,0.40913884545358475,0.0,0.0,0.0,0.0,0.9082336265477133,False,False
17031710300,Illinois,Cook County,1414,239,0.21949251138739875,34.201507882110995,0.0,0.0,0.0,0.0,40000.0,0.44147668419965813,0.0,0.0,0.0,0.0,0.8754783841247342,False,False
17031829100,Illinois,Cook County,4144,240,0.21932178792716747,29.2271168557109,2.58107279035403,1.7890294639818,0.390998569142771,1.06982487992224,41676.0,0.3767112348030299,0.02581072765340157,0.020405493314940543,0.007258761036254176,0.017253244652906282,0.8684912661024722,False,False
17031250800,Illinois,Cook County,2488,241,0.21916172547593213,33.168520807581395,0.0,0.0,0.0,0.0,37250.0,0.4280274254365741,0.0,0.0,0.0,0.0,0.8869429274190186,False,False
17031300700,Illinois,Cook County,5194,242,0.21913873337672243,32.6660988074957,0.0,0.0,0.0,0.0,35714.0,0.42148600429585387,0.0,0.0,0.0,0.0,0.8933463959644807,False,False
17031824107,Illinois,Cook County,6493,243,0.21887222523382496,1.954005711709,49.4053278198122,6.672747825967611,2.12733952263824,1.17254828420951,90956.0,0.021621478024548304,0.49405327341011834,0.07610870245368485,0.039493365082293966,0.01890988216340846,0.6630466502688956,False,False
17031251600,Illinois,Cook County,3649,244,0.21884982946181972,32.636385484258604,0.0,0.0,0.0,0.0,36037.0,0.4210991435279117,0.0,0.0,0.0,0.0,0.8919998332430066,False,False
17031690500,Illinois,Cook County,877,245,0.21871638400745622,43.2692307692308,0.0,0.0,0.0,0.0,69436.0,0.5595363913420234,0.0,0.0,0.0,0.0,0.752761912702714,False,True
17031340500,Illinois,Cook County,1544,246,0.21859972670908967,33.9953271028037,0.0,0.0,0.0,0.0,40641.0,0.4387922569485806,0.0,0.0,0.0,0.0,0.8728061033059574,False,False
17031843400,Illinois,Cook County,1451,247,0.2184847449921222,31.1297071129707,0.0,0.0,0.0,0.0,31857.0,0.4014825309024143,0.0,0.0,0.0,0.0,0.9094259390503189,False,False
17031670700,Illinois,Cook County,1491,248,0.2183843991706538,33.7686567164179,0.0,0.0,0.0,0.0,40243.0,0.43584105963392,0.0,0.0,0.0,0.0,0.8744653353900029,False,False
17031031502,Illinois,Cook County,4354,249,0.21806674612611554,32.272629542034,0.0,0.0,0.0,0.0,36028.0,0.41636312319017804,0.0,0.0,0.0,0.0,0.8920373535665151,False,False
17031671500,Illinois,Cook County,3221,250,0.21754317984453309,30.6871532223645,0.0,0.0,0.0,0.0,31830.0,0.3957205790463538,0.0,0.0,0.0,0.0,0.9095385000208446,False,False
17031400400,Illinois,Cook County,1955,251,0.21733096586836254,30.531400966183597,0.0,0.0,0.0,0.0,31649.0,0.3936927197943249,0.0,0.0,0.0,0.0,0.9102930754158503,False,False
17031827400,Illinois,Cook County,4298,252,0.21677747524003418,35.9059605794348,0.120141145349825,0.0578048029241034,0.00889123655420914,0.0425089802780382,49881.0,0.46366827395036553,0.0012014114418550472,0.0006593158711953147,0.00016506290957869454,0.0006855494300486538,0.8342852378371618,False,False
17031841100,Illinois,Cook County,7254,253,0.21673879832220524,31.2075791855204,0.0,0.0,0.0,0.0,34613.0,0.40249640772620277,0.0,0.0,0.0,0.0,0.8979363822070288,False,False
17031826304,Illinois,Cook County,3203,254,0.21668048083018573,30.420230568984802,0.0,0.0,0.0,0.0,32238.0,0.39224530629265814,0.0,0.0,0.0,0.0,0.9078375786884563,False,False
17031283100,Illinois,Cook County,2703,255,0.21663752819252569,35.6770033773411,0.0,0.0,0.0,0.0,48717.0,0.4606873028108843,0.0,0.0,0.0,0.0,0.8391378663442698,False,False
17031670900,Illinois,Cook County,1351,256,0.2163980257491603,32.8631875881523,0.0,0.0,0.0,0.0,40274.0,0.4240520557748217,0.0,0.0,0.0,0.0,0.8743360987201401,False,False
17031440201,Illinois,Cook County,5060,257,0.21629846934070804,32.351738241308794,0.0,0.0,0.0,0.0,38820.0,0.4173931006150575,0.0,0.0,0.0,0.0,0.8803977154291908,False,False
17031420300,Illinois,Cook County,2488,258,0.21584176755435983,36.201402166985304,0.0,0.0,0.0,0.0,51500.0,0.4675148567957051,0.0,0.0,0.0,0.0,0.827535748530454,False,False
17031440102,Illinois,Cook County,3127,259,0.21572167670596656,32.578077158603804,0.0,0.0,0.0,0.0,40357.0,0.42033998227690506,0.0,0.0,0.0,0.0,0.8739900779588944,False,False
17031750600,Illinois,Cook County,3681,260,0.2153709124900064,36.8550368550369,0.0,0.0,0.0,0.0,54219.0,0.47602503303400584,0.0,0.0,0.0,0.0,0.8162004419060325,False,False
17031231200,Illinois,Cook County,6095,261,0.2152346031396166,30.9527427442638,0.0,0.0,0.0,0.0,35982.0,0.3991784947288071,0.0,0.0,0.0,0.0,0.8922291241088923,False,False
17031838000,Illinois,Cook County,2561,262,0.21508625332965084,36.360108653473,0.0,0.0,0.0,0.0,53083.0,0.4695811794601246,0.0,0.0,0.0,0.0,0.8209363405177805,False,False
17031822400,Illinois,Cook County,6226,263,0.214825915378661,33.458882611425,0.0,0.0,0.0,0.0,44397.0,0.4318078706435839,0.0,0.0,0.0,0.0,0.857147621628382,False,False
17031260200,Illinois,Cook County,1136,264,0.21430646356465188,31.0511089681774,0.0,0.0,0.0,0.0,37625.0,0.4004592007817496,0.0,0.0,0.0,0.0,0.8853795806061617,False,False
17031821101,Illinois,Cook County,4784,265,0.2141100723073273,14.576493762311198,18.834373273074,7.601256055726779,0.0,3.2894301843873,65156.0,0.1859634259659501,0.18834373090545006,0.08669917558823503,0.0,0.05304919039087389,0.7706049109934547,False,False
17031200300,Illinois,Cook County,2209,266,0.21405483623726282,32.5688073394495,0.0,0.0,0.0,0.0,42727.0,0.42021929132193836,0.0,0.0,0.0,0.0,0.8641097261016384,False,False
17031834000,Illinois,Cook County,3632,267,0.21391190417000128,29.2615596963423,0.0,0.0,0.0,0.0,32604.0,0.3771596728208999,0.0,0.0,0.0,0.0,0.9063117521991079,False,False
17031804808,Illinois,Cook County,2533,268,0.21368748323957587,6.412157153447,56.40901928268261,4.85093245625443,1.04118754830307,1.11136953554821,119083.0,0.07966560444525327,0.5640901873600758,0.055329256337130324,0.01932930758193049,0.01792324225811032,0.5457873014549548,False,False
17031804809,Illinois,Cook County,4224,269,0.21354016118253147,3.9629805410536303,56.021881736744405,3.6134075051064203,2.59749129644598,0.8174264940126279,113125.0,0.047777877261859565,0.5602188119382123,0.041214169008428995,0.048221579572499104,0.013182773696562743,0.5706257556176262,False,False
17031825900,Illinois,Cook County,3374,270,0.21312855595755198,18.3274021352313,9.776352097737979,2.40264129871861,1.8977405081058,2.45027456637859,47537.0,0.23479940711991876,0.09776352002992712,0.02740428927877144,0.03523093418822622,0.03951598747974195,0.8440571976487263,False,False
17031830500,Illinois,Cook County,4660,271,0.21270350181261435,31.115144182294802,0.0,0.0,0.0,0.0,40132.0,0.40129292482907775,0.0,0.0,0.0,0.0,0.8749280860466085,False,False
17031826500,Illinois,Cook County,5936,272,0.2126458939337945,32.9383886255924,0.0,0.0,0.0,0.0,45909.0,0.4250311563238241,0.0,0.0,0.0,0.0,0.8508442072789427,False,False
17031400500,Illinois,Cook County,2258,273,0.21257004671562044,27.909604519774,0.0,0.0,0.0,0.0,30313.0,0.3595575212992674,0.0,0.0,0.0,0.0,0.9158627589944554,False,False
17031252201,Illinois,Cook County,2953,274,0.2124774591422047,30.8422301304864,0.0,0.0,0.0,0.0,39605.0,0.3977396454189512,0.0,0.0,0.0,0.0,0.8771251094342769,False,False
17031804201,Illinois,Cook County,8173,275,0.2122297177148189,6.2463582333061405,68.3413742684866,8.18140328174224,1.5649695972076698,1.6191238924728302,162694.0,0.07750693989407313,0.683413736061719,0.09331627753120238,0.029053150654844158,0.026111881640133592,0.3639763205069413,False,False
17031010502,Illinois,Cook County,3101,276,0.2121832858504004,30.0326441784548,0.0,0.0,0.0,0.0,37500.0,0.3871990188919552,0.0,0.0,0.0,0.0,0.8859006962104473,False,False
17031841400,Illinois,Cook County,1559,277,0.2113792444705975,31.8061674008811,0.0,0.0,0.0,0.0,44196.0,0.41028989130351157,0.0,0.0,0.0,0.0,0.8579855755200734,False,False
17031690900,Illinois,Cook County,4520,278,0.2107427735988864,35.8477181366753,0.0,0.0,0.0,0.0,57734.0,0.46290997047979854,0.0,0.0,0.0,0.0,0.8015466711135198,False,False
17031710200,Illinois,Cook County,5049,279,0.2106453487701562,28.2051282051282,0.0,0.0,0.0,0.0,34006.0,0.3634051730394973,0.0,0.0,0.0,0.0,0.90046691958144,False,False
17031252102,Illinois,Cook County,6438,280,0.2104911587728331,32.5291295407814,0.0,0.0,0.0,0.0,47732.0,0.4197026953309577,0.0,0.0,0.0,0.0,0.8432442573060408,False,False
17031360200,Illinois,Cook County,1443,281,0.21019189206776434,27.1457085828343,0.0,0.0,0.0,0.0,31350.0,0.3496117684652844,0.0,0.0,0.0,0.0,0.9115395839413015,False,False
17031840000,Illinois,Cook County,2695,282,0.2099972844568195,13.9338494018297,27.0864674952123,5.11870251515801,1.12911555859684,4.57794867779244,92083.0,0.17759634131420055,0.2708646723271003,0.05838341517403242,0.02096166244326688,0.07382934350166054,0.6583482719806562,False,False
17031230900,Illinois,Cook County,5399,283,0.20980125463667917,33.1375329147255,0.0,0.0,0.0,0.0,50625.0,0.4276239700596214,0.0,0.0,0.0,0.0,0.8311835577604536,False,False
17031261000,Illinois,Cook County,2319,284,0.2094059252378647,28.522188711762197,0.0,0.0,0.0,0.0,36780.0,0.3675332293360555,0.0,0.0,0.0,0.0,0.8889023220911327,False,False
17031260900,Illinois,Cook County,1480,285,0.2093070998432248,30.663928815879498,0.0,0.0,0.0,0.0,43611.0,0.3954182025112185,0.0,0.0,0.0,0.0,0.8604243965481302,False,False
17031461000,Illinois,Cook County,1496,286,0.20913538014245192,30.9062742060418,0.0,0.0,0.0,0.0,44615.0,0.39857348484020366,0.0,0.0,0.0,0.0,0.8562387960145079,False,False
17031818401,Illinois,Cook County,3634,287,0.20902914580491502,5.8323563892145405,36.7594111298688,9.79901207769859,2.65519008488583,2.42429343272785,102647.0,0.07211672924490559,0.36759410773623424,0.11176656364253951,0.04929273877976804,0.0390969853947758,0.6143077500312669,False,False
17031681400,Illinois,Cook County,3247,288,0.20886591292842602,28.6066584463625,0.0,0.0,0.0,0.0,37821.0,0.36863300623191436,0.0,0.0,0.0,0.0,0.8845624713386417,False,False
17031671600,Illinois,Cook County,2495,289,0.20851548273967824,25.8928571428571,0.0,0.0,0.0,0.0,29850.0,0.33329992524534013,0.0,0.0,0.0,0.0,0.9177929711927294,False,False
17031710600,Illinois,Cook County,1838,290,0.2083144844301199,29.4284097340125,0.0,0.0,0.0,0.0,41181.0,0.3793320226852762,0.0,0.0,0.0,0.0,0.8705548838954433,False,False
17031510200,Illinois,Cook County,2986,291,0.2079748666203095,31.8278266141255,0.506225701394052,0.218689497572739,0.0,0.0708570097133531,51250.0,0.4105718893756185,0.00506225696488082,0.002494350803388238,0.0,0.0011427228389441605,0.8285779797390254,False,False
17031842100,Illinois,Cook County,6731,292,0.2079512435154378,27.237354085603098,0.0,0.0,0.0,0.0,34861.0,0.3508049722445009,0.0,0.0,0.0,0.0,0.8969024888481261,False,False
17031240900,Illinois,Cook County,1182,293,0.20794354276489388,28.8793103448276,0.0,0.0,0.0,0.0,40000.0,0.37218287246462894,0.0,0.0,0.0,0.0,0.8754783841247342,False,False
17031390300,Illinois,Cook County,2743,294,0.2078547556735828,38.263785394932896,0.0,0.0,0.0,0.0,69436.0,0.4943666213387829,0.0,0.0,0.0,0.0,0.752761912702714,False,True
17031530200,Illinois,Cook County,5152,295,0.20781853145968618,32.4040920716113,0.0,0.0,0.0,0.0,51188.0,0.41807473567936615,0.0,0.0,0.0,0.0,0.828836453078751,False,False
17031600400,Illinois,Cook County,3891,296,0.20771395772251353,28.2800815771584,0.0,0.0,0.0,0.0,38459.0,0.3643810490407134,0.0,0.0,0.0,0.0,0.8819026972943678,False,False
17031010100,Illinois,Cook County,4854,297,0.20754534937682276,35.7968714577193,0.0,0.0,0.0,0.0,62177.0,0.46224795818614606,0.0,0.0,0.0,0.0,0.7830241380747905,False,False
17031670600,Illinois,Cook County,1650,298,0.20716359313590563,31.649189704480502,0.0,0.0,0.0,0.0,49773.0,0.40824607709616934,0.0,0.0,0.0,0.0,0.8347354817192646,False,False
17031190702,Illinois,Cook County,4869,299,0.20711489460846474,30.2524514917588,0.0,0.0,0.0,0.0,45481.0,0.39006086054277156,0.0,0.0,0.0,0.0,0.8526285071080169,False,False
17031301803,Illinois,Cook County,5357,300,0.20708431916585668,28.337657154260597,0.0,0.0,0.0,0.0,39545.0,0.36513067007080613,0.0,0.0,0.0,0.0,0.877375244924334,False,False
17031826600,Illinois,Cook County,5540,301,0.20705342125595225,29.4553233503373,0.0,0.0,0.0,0.0,43080.0,0.37968243190057777,0.0,0.0,0.0,0.0,0.8626380956351357,False,False
17031711400,Illinois,Cook County,2654,302,0.20699349634643302,29.3822393822394,0.0,0.0,0.0,0.0,42938.0,0.3787308951169939,0.0,0.0,0.0,0.0,0.8632300829616042,False,False
17031813701,Illinois,Cook County,3780,303,0.20684750630538143,30.065189048239898,0.0,0.0,0.0,0.0,45281.0,0.38762274575741473,0.0,0.0,0.0,0.0,0.8534622920748739,False,False
17031310700,Illinois,Cook County,1692,304,0.206543844990679,29.5890410958904,0.0,0.0,0.0,0.0,44231.0,0.3814234067932006,0.0,0.0,0.0,0.0,0.8578396631508733,False,False
17031430102,Illinois,Cook County,2963,305,0.20635096316579904,27.1831910702561,0.0499260393381521,0.0263067453325177,0.023826856531671,0.014260028054590701,37348.0,0.35009978199889946,0.0004992603885430538,0.0003000521382279449,0.00044233782795598606,0.0002299738559090562,0.8865343727852587,False,False
17031020901,Illinois,Cook County,5221,306,0.20609097424585543,28.890756302520998,0.0,0.0,0.0,0.0,42702.0,0.372331896252637,0.0,0.0,0.0,0.0,0.8642139492224955,False,False
17031730600,Illinois,Cook County,3614,307,0.20579659541433917,30.710873840966602,0.0,0.0,0.0,0.0,48810.0,0.3960294161513538,0.0,0.0,0.0,0.0,0.8387501563346813,False,False
17031610300,Illinois,Cook County,5658,308,0.20556220054476274,29.470310391363004,0.0,0.0,0.0,0.0,45273.0,0.3798775597950284,0.0,0.0,0.0,0.0,0.8534956434735481,False,False
17031730201,Illinois,Cook County,5941,309,0.20518479663685155,28.9243167484233,0.0,0.0,0.0,0.0,44111.0,0.37276884569012164,0.0,0.0,0.0,0.0,0.8583399341309876,False,False
17031611300,Illinois,Cook County,3556,310,0.20502837473864957,25.825706327099102,0.0,0.0,0.0,0.0,34659.0,0.3324256367672459,0.0,0.0,0.0,0.0,0.8977446116646517,False,False
17031836400,Illinois,Cook County,2979,311,0.2046957855095853,29.6762108643297,0.0,0.0,0.0,0.0,47163.0,0.3825583375207628,0.0,0.0,0.0,0.0,0.8456163755367491,False,False
17031803607,Illinois,Cook County,5164,312,0.20433547858885728,1.9081693500298198,58.33586769959061,3.23561132310383,1.49311360779521,0.286383903872583,117500.0,0.02102469893197125,0.5833586713424197,0.03690506308174072,0.027719167624389123,0.004618561084994779,0.5523867094676282,False,False
17031221000,Illinois,Cook County,2923,313,0.20430367776037972,25.551936301122,0.0,0.0,0.0,0.0,34847.0,0.3288612127664723,0.0,0.0,0.0,0.0,0.896960853795806,False,False
17031804105,Illinois,Cook County,4000,314,0.20424179105698648,2.65440210249671,65.32910644237559,2.70632459032013,0.314364918124059,0.0,128935.0,0.030740481087315166,0.6532910580925358,0.030868070899696714,0.005836082274794541,0.0,0.5047150539875767,False,False
17031670100,Illinois,Cook County,1516,315,0.20414114524563556,27.012711864406803,0.0,0.0,0.0,0.0,39643.0,0.3478801811832393,0.0,0.0,0.0,0.0,0.8769666902905741,False,False
17031292500,Illinois,Cook County,4140,316,0.20381308689105962,27.68796510136,0.0,0.0,0.0,0.0,42224.0,0.35667182605307396,0.0,0.0,0.0,0.0,0.8662066952932839,False,False
17031310900,Illinois,Cook County,5123,317,0.20355429615228116,25.616768688555002,0.0,0.0,0.0,0.0,36128.0,0.3297053158306002,0.0,0.0,0.0,0.0,0.8916204610830867,False,False
17031829500,Illinois,Cook County,4146,318,0.20300482272692136,26.2012012012012,0.0699093821424824,0.0443901279038182,0.0123211653216889,0.0170522712563214,39154.0,0.33731449535079644,0.0006990938146497172,0.0005063094132472782,0.00022873841956609392,0.0002750048287289963,0.8790052945345396,False,False
17031020902,Illinois,Cook County,4286,319,0.2029751781203435,26.657584014532198,0.0,0.0,0.0,0.0,40212.0,0.34325649666219515,0.0,0.0,0.0,0.0,0.8745945720598658,False,False
17031823901,Illinois,Cook County,3519,320,0.2028497999682808,2.03677510608204,46.8290703922709,6.71006644918242,1.39662660906718,1.73665999513786,107125.0,0.022699116874089268,0.4682906993843774,0.07653435498309467,0.025927917931563797,0.02800740601322189,0.5956393046233377,False,False
17031590700,Illinois,Cook County,3100,321,0.20281435178885357,29.6602658788774,0.0,0.0,0.0,0.0,49821.0,0.3823507374059024,0.0,0.0,0.0,0.0,0.8345353733272189,False,False
17031420800,Illinois,Cook County,2213,322,0.2026705657255918,26.0971055088702,0.0,0.0,0.0,0.0,38900.0,0.33595919291110277,0.0,0.0,0.0,0.0,0.880064201442448,False,False
17031140100,Illinois,Cook County,3729,323,0.2024754509285445,30.0538701445988,0.0,0.0,0.0,0.0,51538.0,0.38747537618451583,0.0,0.0,0.0,0.0,0.8273773293867511,False,False
17031031200,Illinois,Cook County,5648,324,0.20199842428466638,26.8590651558074,0.0,0.0,0.0,0.0,42247.0,0.34587973568590286,0.0,0.0,0.0,0.0,0.8661108100220953,False,False
17031837800,Illinois,Cook County,2796,325,0.20199754826685337,32.1281840591619,0.0,0.0,0.0,0.0,58704.0,0.4144824755768572,0.0,0.0,0.0,0.0,0.7975028140242632,False,False
17031710400,Illinois,Cook County,5651,326,0.201968814505897,28.871962277838197,0.0,0.0,0.0,0.0,48576.0,0.37208720228947795,0.0,0.0,0.0,0.0,0.839725684745904,False,False
17031340400,Illinois,Cook County,1900,327,0.20183499631036164,28.360413589364803,0.0,0.0,0.0,0.0,47171.0,0.365426953724095,0.0,0.0,0.0,0.0,0.8455830241380748,False,False
17031630400,Illinois,Cook County,7083,328,0.20182100727082608,24.3466706038683,0.0,0.0,0.0,0.0,34656.0,0.3131689251858019,0.0,0.0,0.0,0.0,0.8977571184391545,False,False
17031210502,Illinois,Cook County,4486,329,0.2018119229188251,30.202774813233702,0.0,0.0,0.0,0.0,52958.0,0.38941408139088446,0.0,0.0,0.0,0.0,0.8214574561220661,False,False
17031630100,Illinois,Cook County,1156,330,0.20181110868550958,25.0526315789474,0.0,0.0,0.0,0.0,36875.0,0.322360377881182,0.0,0.0,0.0,0.0,0.8885062742318756,False,False
17031580501,Illinois,Cook County,5067,331,0.2016776024932934,25.4688445251059,0.0,0.0,0.0,0.0,38367.0,0.32777937658063844,0.0,0.0,0.0,0.0,0.882286238379122,False,False
17031251300,Illinois,Cook County,4921,332,0.20151537708210357,23.4367056431113,0.0,0.0,0.0,0.0,32254.0,0.3013213866015137,0.0,0.0,0.0,0.0,0.9077708758911077,False,False
17031770300,Illinois,Cook County,7313,333,0.20149815523656409,2.26845831527236,40.1289943994339,4.89174903588339,1.65985904570644,0.935866607853598,86822.0,0.025715580011230917,0.4012899401053298,0.055794806211811404,0.030814742348196405,0.01509287720898513,0.6802809855338308,False,False
17031823801,Illinois,Cook County,5716,334,0.20146422708512,4.49518373171602,56.61560032037271,4.85697134017812,0.0400548746285443,0.45631196813137703,124208.0,0.05470704278797892,0.5661559977169565,0.05539813525053865,0.0007436056963153693,0.007359019379687692,0.5244215616792429,False,False
17031660500,Illinois,Cook County,5534,335,0.20141924208793327,26.8755328218244,0.0,0.0,0.0,0.0,43132.0,0.3460941409838467,0.0,0.0,0.0,0.0,0.8624213115437529,False,False
17031612100,Illinois,Cook County,1470,336,0.20130042048550897,24.903100775193803,0.0,0.0,0.0,0.0,37143.0,0.3204135205367667,0.0,0.0,0.0,0.0,0.8873890023762872,False,False
17031841800,Illinois,Cook County,2505,337,0.20107012328637883,26.441515650741298,0.0,0.0,0.0,0.0,42279.0,0.3404433352908747,0.0,0.0,0.0,0.0,0.8659774044273982,False,False
17031710800,Illinois,Cook County,5338,338,0.2008015857999427,24.5095971314069,0.0,0.0,0.0,0.0,36632.0,0.31529019183304935,0.0,0.0,0.0,0.0,0.889519322966607,False,False
17031661000,Illinois,Cook County,5706,339,0.2007966038123723,25.945317044793498,0.0,0.0,0.0,0.0,41123.0,0.333982941338402,0.0,0.0,0.0,0.0,0.8707966815358319,False,False
17031827200,Illinois,Cook County,4140,340,0.200776893989702,27.1935853379152,1.40694318762148,0.44841426294207,0.10827555128469499,0.371312966634487,51570.0,0.35023511301982596,0.014069431739864137,0.005114568781010017,0.0020101003299510816,0.005988226275506769,0.827243923792054,False,False
17031301802,Illinois,Cook County,3518,341,0.20075296584831445,24.3328550932568,0.0,0.0,0.0,0.0,36150.0,0.3129890503531543,0.0,0.0,0.0,0.0,0.8915287447367324,False,False
17031831400,Illinois,Cook County,2964,342,0.20026692143639965,23.9186691312384,0.0,0.0,0.0,0.0,35556.0,0.30759644253009993,0.0,0.0,0.0,0.0,0.8940050860882979,False,False
17031220901,Illinois,Cook County,3498,343,0.2002226318526149,27.154046997389,0.0,0.0,0.0,0.0,45724.0,0.3497203327424039,0.0,0.0,0.0,0.0,0.8516154583732856,False,False
17031250400,Illinois,Cook County,5887,344,0.20021474177921414,26.0729397541809,0.0,0.0,0.0,0.0,42359.0,0.3356445602346294,0.0,0.0,0.0,0.0,0.8656438904406554,False,False
17031520300,Illinois,Cook County,6215,345,0.2002095194371014,27.7368511221518,0.0,0.0,0.0,0.0,47563.0,0.3573083110195735,0.0,0.0,0.0,0.0,0.843948805603035,False,False
17031660302,Illinois,Cook County,5527,346,0.20002901297428285,24.5816733067729,0.0,0.0,0.0,0.0,37969.0,0.31622860738252967,0.0,0.0,0.0,0.0,0.8839454704631675,False,False
17031231100,Illinois,Cook County,1236,347,0.19959790616155115,29.3979671618452,0.0,0.0,0.0,0.0,53631.0,0.3789356672607146,0.0,0.0,0.0,0.0,0.8186517697085922,False,False
17031836500,Illinois,Cook County,1496,348,0.19956596701759013,24.658385093167702,0.0,0.0,0.0,0.0,38875.0,0.3172273775422356,0.0,0.0,0.0,0.0,0.8801684245633051,False,False
17031660700,Illinois,Cook County,2366,349,0.19947907634192985,24.5498199279712,0.0,0.0,0.0,0.0,38661.0,0.3158138835737369,0.0,0.0,0.0,0.0,0.8810605744778421,False,False
17031823602,Illinois,Cook County,6267,350,0.19947088075615524,6.81135225375626,26.0976833283178,6.1161681681274604,1.3992498952624701,2.80590563413868,79694.0,0.08486303462942026,0.26097683075398104,0.06976040986491358,0.025976618385028533,0.04525130915097201,0.709997081752616,False,False
17031140200,Illinois,Cook County,5965,351,0.19934296687304345,26.211369706219003,0.0,0.0,0.0,0.0,44046.0,0.33744688699304465,0.0,0.0,0.0,0.0,0.8586109142452162,False,False
17031671300,Illinois,Cook County,2688,352,0.1993173545948752,24.6040126715945,0.0,0.0,0.0,0.0,39063.0,0.3165194608747919,0.0,0.0,0.0,0.0,0.8793846666944595,False,False
17031310600,Illinois,Cook County,5868,353,0.19903756399166617,26.240974729241902,0.0,0.0,0.0,0.0,44578.0,0.3378323377166206,0.0,0.0,0.0,0.0,0.8563930462333764,False,False
17031230600,Illinois,Cook County,6818,354,0.19883136936167944,25.7540283707478,0.0,0.0,0.0,0.0,43354.0,0.3314924059395352,0.0,0.0,0.0,0.0,0.8614958102305416,False,False
17031520200,Illinois,Cook County,3817,355,0.19873002249575825,25.0438706442717,0.0,0.0,0.0,0.0,41282.0,0.322246312487369,0.0,0.0,0.0,0.0,0.8701338224871805,False,False
17031824800,Illinois,Cook County,7756,356,0.198633855748092,23.7530331625775,2.4671782387554,1.5757953446997102,0.0302601548295285,0.5627371649662279,49930.0,0.30543989957044193,0.024671782148453097,0.017973366017358938,0.000561769914680674,0.009075356317335704,0.8340809605202818,False,False
17031380200,Illinois,Cook County,1680,357,0.19859995322005233,33.998825601879,0.0,0.0,0.0,0.0,69436.0,0.43883780661759997,0.0,0.0,0.0,0.0,0.752761912702714,False,True
17031710500,Illinois,Cook County,4123,358,0.1984640272531358,25.376293508936996,0.0,0.0,0.0,0.0,42703.0,0.3265743832211535,0.0,0.0,0.0,0.0,0.8642097802976613,False,False
17031580200,Illinois,Cook County,3515,359,0.19835230672783433,25.713530655391097,0.0,0.0,0.0,0.0,43917.0,0.3309651348181671,0.0,0.0,0.0,0.0,0.8591487055488389,False,False
17031825802,Illinois,Cook County,5850,360,0.19826570833047827,8.37518224526162,11.600696335491,5.13280330254481,1.68794248176777,3.30231745561202,52054.0,0.10522374846197688,0.11600696223065521,0.058544247361846886,0.0313361021881903,0.05325702556794008,0.82522616417226,False,False
17031804506,Illinois,Cook County,5461,361,0.19821151108611124,1.2432656444260302,44.3059061792562,4.308018238808789,3.59841774658268,2.07271362539945,109803.0,0.01236780262639939,0.443059057498757,0.04913683041139057,0.06680345298532875,0.033426999077669925,0.5844749239171217,False,False
17031630200,Illinois,Cook County,1931,362,0.19816111227313227,26.4169541646131,0.0,0.0,0.0,0.0,46389.0,0.3401235502803077,0.0,0.0,0.0,0.0,0.8488431233584859,False,False
17031301801,Illinois,Cook County,4005,363,0.1980881382090045,23.1448275862069,0.0,0.0,0.0,0.0,36275.0,0.29752120012158023,0.0,0.0,0.0,0.0,0.8910076291324467,False,False
17031020500,Illinois,Cook County,6214,364,0.1980309666093949,26.312470439855,0.0,0.0,0.0,0.0,46250.0,0.3387631957459178,0.0,0.0,0.0,0.0,0.8494226039104515,False,False
17031842400,Illinois,Cook County,3304,365,0.1979866932791806,27.3836276083467,0.0,0.0,0.0,0.0,49659.0,0.35270942052471044,0.0,0.0,0.0,0.0,0.8352107391503731,False,False
17031823703,Illinois,Cook County,7940,366,0.19783580783015695,28.951273806579298,0.0,0.0,0.0,0.0,54772.0,0.3731198205082689,0.0,0.0,0.0,0.0,0.8138950264726728,False,False
17031824503,Illinois,Cook County,6740,367,0.1975194283807368,4.832977967306331,34.3942981114499,2.73224273115448,0.635936294349188,2.31092949304463,81653.0,0.05910504755991768,0.3439429777812547,0.03116369065341162,0.011805950096140135,0.03726874619144556,0.7018301580022512,False,False
17031080400,Illinois,Cook County,4317,368,0.19744725146648293,23.0147058823529,0.0,0.0,0.0,0.0,36791.0,0.295827044880942,0.0,0.0,0.0,0.0,0.8888564639179556,False,False
17031490800,Illinois,Cook County,4007,369,0.1972459090958212,26.1661807580175,0.0,0.0,0.0,0.0,46923.0,0.3368585370779497,0.0,0.0,0.0,0.0,0.8466169174969775,False,False
17031500300,Illinois,Cook County,1666,370,0.19693207417422068,25.3215978334462,0.0,0.0,0.0,0.0,44737.0,0.32586225786059914,0.0,0.0,0.0,0.0,0.855730187184725,False,False
17031230100,Illinois,Cook County,1623,371,0.19689785977736404,25.2513966480447,0.0,0.0,0.0,0.0,44567.0,0.3249482542576306,0.0,0.0,0.0,0.0,0.8564389044065536,False,False
17031510300,Illinois,Cook County,5360,372,0.19682906183619905,22.6679841897233,0.0731429004513506,0.0493364500354475,0.0471455374936855,0.030696260855317202,37237.0,0.2913128066315685,0.0007314289974250302,0.0005627266747974944,0.0008752415420412078,0.0004950437294977777,0.8869971234418643,False,False
17031803200,Illinois,Cook County,5586,373,0.19666435072998334,2.14748784440843,46.1760634072912,3.4656692247583,8.335193235751861,0.5546926500979831,132256.0,0.02414057176044328,0.46176062959786507,0.03952908077891784,0.15474014654829227,0.008945621081466204,0.49087005461291533,False,False
17031811302,Illinois,Cook County,3778,374,0.19657485436993394,25.5729166666667,0.0,0.0,0.0,0.0,46036.0,0.329134372394615,0.0,0.0,0.0,0.0,0.8503147538249886,False,False
17031711500,Illinois,Cook County,2539,375,0.1963949222144862,25.8620689655172,0.0,0.0,0.0,0.0,47198.0,0.3328990701193681,0.0,0.0,0.0,0.0,0.8454704631675491,False,False
17031611600,Illinois,Cook County,1609,376,0.19632469205127376,22.5124378109453,0.0,0.0,0.0,0.0,36838.0,0.2892876278568983,0.0,0.0,0.0,0.0,0.8886605244507442,False,False
17031804710,Illinois,Cook County,4350,377,0.1961938431182496,1.9138755980861202,36.8981056042101,5.166309178196659,1.2528417210140899,2.23550595155113,89565.0,0.021098992994857253,0.368981052466206,0.05892641206924267,0.02325859833458891,0.03605237813121633,0.6688456247133865,False,False
17031640600,Illinois,Cook County,3912,378,0.1960916078738871,21.8796618597713,2.76525150870253,1.55675343803467,0.66779635029153,0.354092929710789,50433.0,0.2810490276689229,0.027652514819037313,0.01775617591122598,0.012397421653681066,0.0057105158618190295,0.8319839913286363,False,False
17031670500,Illinois,Cook County,1321,379,0.19604410926270288,25.7971014492754,0.0,0.0,0.0,0.0,47500.0,0.33205320770862234,0.0,0.0,0.0,0.0,0.8442114478675949,False,False
17031222800,Illinois,Cook County,1074,380,0.19595586108504112,23.7551867219917,0.0,0.0,0.0,0.0,41250.0,0.305467938428369,0.0,0.0,0.0,0.0,0.8702672280818777,False,False
17031030603,Illinois,Cook County,2095,381,0.19565768167499806,23.8646482635797,0.0,0.0,0.0,0.0,42021.0,0.30689310301534456,0.0,0.0,0.0,0.0,0.8670529870346437,False,False
17031823806,Illinois,Cook County,3716,382,0.19561360322606655,11.1575646720669,14.0519369030682,4.35511226664559,0.938538804669359,2.0484746023609097,60125.0,0.14144974020829423,0.14051936766887085,0.0496739802401355,0.017423667102625426,0.033036092301729394,0.7915787718347438,False,False
17031827500,Illinois,Cook County,5382,383,0.19558001469279673,24.847410907659,0.0,0.0,0.0,0.0,45202.0,0.31968845101999804,0.0,0.0,0.0,0.0,0.8537916371367824,False,False
17031410200,Illinois,Cook County,1443,384,0.1955748323842935,30.1552106430155,0.0,0.0,0.0,0.0,61786.0,0.38879480662076477,0.0,0.0,0.0,0.0,0.7846541876849961,False,False
17031804306,Illinois,Cook County,5564,385,0.19466088271172022,9.10551687198714,16.8716705505322,6.871551069572281,0.667068480185448,2.44963613156848,69079.0,0.1147325406053295,0.16871670387024287,0.07837623260902099,0.012383908982325092,0.039505691334849,0.7542502188685538,False,False
17031813301,Illinois,Cook County,3502,386,0.19446089554194937,22.791519434629002,0.0,0.0,0.0,0.0,40392.0,0.29292120766200186,0.0,0.0,0.0,0.0,0.8738441655896945,False,False
17031661100,Illinois,Cook County,6542,387,0.19442089537717533,13.817809621289701,10.3675519898921,4.2043650288787395,0.404022073235264,2.03109635866719,58452.0,0.17608552953951825,0.10367551889417355,0.0479545721395831,0.007500538146255738,0.032755830461018265,0.798553383082503,False,False
17031430900,Illinois,Cook County,1814,388,0.19436657063421578,28.244274809160302,0.0,0.0,0.0,0.0,57557.0,0.36391485299610615,0.0,0.0,0.0,0.0,0.8022845708091884,False,False
17031490901,Illinois,Cook County,3891,389,0.19434853043452163,24.1799945784766,0.0,0.0,0.0,0.0,44890.0,0.31099884092205043,0.0,0.0,0.0,0.0,0.8550923416850794,False,False
17031823200,Illinois,Cook County,4877,390,0.1942693557394198,6.9921125559582205,24.802346566380002,6.4246906640162,0.955216364466621,1.6415279145980899,79000.0,0.08721649300111818,0.24802346326013766,0.0732793869718387,0.01773328056617741,0.026473195049636956,0.71289031558761,False,False
17031510100,Illinois,Cook County,3530,391,0.19416792871729163,23.6269093272668,0.00604073656854819,0.00274510837816989,0.00279667065217254,0.0064457505104247095,43482.0,0.30379779567668447,6.040736510005781e-05,3.1310434952178526e-05,5.191927941253673e-05,0.00010395169584767587,0.860962187851753,False,False
17031190701,Illinois,Cook County,2955,392,0.19414021981612084,23.5294117647059,0.0,0.0,0.0,0.0,43158.0,0.3025283993986636,0.0,0.0,0.0,0.0,0.8623129194980614,False,False
17031140301,Illinois,Cook County,2891,393,0.19411439564601815,24.7576435495899,0.0,0.0,0.0,0.0,47031.0,0.31851970026123416,0.0,0.0,0.0,0.0,0.8461666736148747,False,False
17031837100,Illinois,Cook County,1819,394,0.1939134060353774,24.2481203007519,0.0,0.0,0.0,0.0,45729.0,0.31188582246315033,0.0,0.0,0.0,0.0,0.8515946137491142,False,False
17031491200,Illinois,Cook County,2444,395,0.19385042585560663,26.7874165872259,0.0,0.0,0.0,0.0,53750.0,0.34494688748032776,0.0,0.0,0.0,0.0,0.8181556676533122,False,False
17031020802,Illinois,Cook County,6963,396,0.19351432059516818,26.1608728749048,0.0,0.0,0.0,0.0,52277.0,0.33678942963679476,0.0,0.0,0.0,0.0,0.8242964939342143,False,False
17031809200,Illinois,Cook County,4611,397,0.19293857389508542,25.9589467136637,0.0,0.0,0.0,0.0,52475.0,0.33416039655348684,0.0,0.0,0.0,0.0,0.8234710468170259,False,False
17031611800,Illinois,Cook County,2139,398,0.192934539034373,22.510460251046,0.0,0.0,0.0,0.0,41711.0,0.28926188047296586,0.0,0.0,0.0,0.0,0.8683453537332722,False,False
17031440202,Illinois,Cook County,2999,399,0.19263107838299365,24.307500778089,0.0,0.0,0.0,0.0,47760.0,0.31265894288728124,0.0,0.0,0.0,0.0,0.8431275274106808,False,False
17031241000,Illinois,Cook County,2047,400,0.19259307706918283,28.4974093264249,0.0,0.0,0.0,0.0,60900.0,0.3672106073269241,0.0,0.0,0.0,0.0,0.7883478550881727,False,False
17031843800,Illinois,Cook County,2110,401,0.1925874882825979,23.0034129692833,0.0,0.0,0.0,0.0,43750.0,0.2956800136994229,0.0,0.0,0.0,0.0,0.8598449159961645,False,False
17031843200,Illinois,Cook County,2780,402,0.19249282229880835,24.4006849315068,0.0,0.0,0.0,0.0,48250.0,0.313872179550969,0.0,0.0,0.0,0.0,0.841084754241881,False,False
17031020601,Illinois,Cook County,6353,403,0.19225167765898873,24.3353449681944,0.0,0.0,0.0,0.0,48393.0,0.313021467963354,0.0,0.0,0.0,0.0,0.8404885979905783,False,False
17031830600,Illinois,Cook County,5005,404,0.1920008868599946,23.2390002065689,0.0,0.0,0.0,0.0,45330.0,0.29874730640197383,0.0,0.0,0.0,0.0,0.8532580147579939,False,False
17031300600,Illinois,Cook County,3212,405,0.19189268770415033,24.7389033942559,0.0,0.0,0.0,0.0,50170.0,0.3182757076648485,0.0,0.0,0.0,0.0,0.8330804185600533,False,False
17031300500,Illinois,Cook County,3257,406,0.19187386125309466,20.733817930079603,0.0,0.0,0.0,0.0,37689.0,0.26613039810180045,0.0,0.0,0.0,0.0,0.8851127694167674,False,False
17031030300,Illinois,Cook County,3322,407,0.19157183577934647,24.0473441108545,0.0,0.0,0.0,0.0,48472.0,0.30927176174740917,0.0,0.0,0.0,0.0,0.8401592529286697,False,False
17031010702,Illinois,Cook County,5143,408,0.19121788278614613,24.1941823899371,0.0,0.0,0.0,0.0,49440.0,0.3111835630277951,0.0,0.0,0.0,0.0,0.8361237336890815,False,False
17031210501,Illinois,Cook County,3900,409,0.19109637312091968,21.662083715246,0.0,0.0,0.0,0.0,41707.0,0.27821620929290886,0.0,0.0,0.0,0.0,0.8683620294326093,False,False
17031825801,Illinois,Cook County,3550,410,0.19079696360136214,25.576228825326304,0.0,0.0,0.0,0.0,54362.0,0.32917749595344337,0.0,0.0,0.0,0.0,0.8156042856547296,False,False
17031804714,Illinois,Cook County,3480,411,0.19067559026395622,6.38363805392005,29.073037875752,4.96596384825635,0.0613383207801786,1.70317768512618,84783.0,0.07929429220070969,0.2907303759399734,0.056641293029516156,0.0011387259392906966,0.027467431203309117,0.6887814232709384,False,False
17031280800,Illinois,Cook County,755,412,0.19054980872620433,30.2890173410405,0.0,0.0,0.0,0.0,69436.0,0.3905369396545121,0.0,0.0,0.0,0.0,0.752761912702714,False,True
17031826100,Illinois,Cook County,6414,413,0.19048678557321566,24.4033412887828,0.24048541104789797,0.10403329358410901,0.025132869269244,0.09853521829510731,52500.0,0.3139067647236716,0.0024048540871728892,0.0011865934684144358,0.00046658352888816765,0.0015890939349780138,0.8233668236961688,False,False
17031813702,Illinois,Cook County,4263,414,0.1903335417592378,23.0341761600445,0.0,0.0,0.0,0.0,47090.0,0.2960805435057749,0.0,0.0,0.0,0.0,0.8459207070496519,False,False
17031825600,Illinois,Cook County,5627,415,0.19014993633384145,22.4099517266988,0.42570015994450205,0.268194438314456,0.028785793413976697,0.143769727578059,47844.0,0.28795328215148464,0.004257001558189269,0.0030589992665350195,0.0005343988753952177,0.0023185984268436844,0.8427773377246008,False,False
17031813302,Illinois,Cook County,3934,416,0.18974899930080272,21.3690476190476,0.0,0.0,0.0,0.0,42731.0,0.27440094540251514,0.0,0.0,0.0,0.0,0.8640930504023012,False,False
17031813400,Illinois,Cook County,7551,417,0.1897146562055174,24.556176288019902,0.0,0.0,0.0,0.0,52734.0,0.31589664194815825,0.0,0.0,0.0,0.0,0.822391295284946,False,False
17031190100,Illinois,Cook County,2488,418,0.1896597072233439,22.8702993092863,0.0,0.0,0.0,0.0,47548.0,0.29394690386451416,0.0,0.0,0.0,0.0,0.8440113394755493,False,False
17031191200,Illinois,Cook County,3853,419,0.18960461990327637,22.6995424504321,0.0,0.0,0.0,0.0,47094.0,0.29172368806934335,0.0,0.0,0.0,0.0,0.8459040313503148,False,False
17031251400,Illinois,Cook County,3983,420,0.18957895784689294,21.908671113391502,0.0,0.0,0.0,0.0,44661.0,0.28142672160922677,0.0,0.0,0.0,0.0,0.8560470254721307,False,False
17031380700,Illinois,Cook County,1243,421,0.1892718647794556,21.568627450980397,0.0,0.0,0.0,0.0,44041.0,0.276999429807346,0.0,0.0,0.0,0.0,0.8586317588693876,False,False
17031350100,Illinois,Cook County,2144,422,0.18911293291763465,31.141714793425102,0.0,0.0,0.0,0.0,74167.0,0.4016388681940975,0.0,0.0,0.0,0.0,0.7330387293117104,False,False
17031691400,Illinois,Cook County,3611,423,0.18889487531694638,20.1115371209481,0.0,0.0,0.0,0.0,40033.0,0.25802844229647537,0.0,0.0,0.0,0.0,0.8753408096052028,False,False
17031410600,Illinois,Cook County,2327,424,0.18883168577801457,30.5673485140872,0.0,0.0,0.0,0.0,72778.0,0.3941607487615548,0.0,0.0,0.0,0.0,0.7388293659065327,False,False
17031020702,Illinois,Cook County,7194,425,0.1886147038371804,22.0931784808437,0.0,0.0,0.0,0.0,46625.0,0.283828965925488,0.0,0.0,0.0,0.0,0.8478592570975945,False,False
17031804406,Illinois,Cook County,6247,426,0.18861369719995427,8.71251678352976,18.772449574938797,7.793814044166069,0.0,1.8811899412581001,78468.0,0.10961576807844658,0.1877244939300992,0.08889547298016906,0.0,0.030338264611561007,0.7151081835994497,False,False
17031580502,Illinois,Cook County,5349,427,0.18846046318092455,21.1610822433256,0.0,0.0,0.0,0.0,43936.0,0.27169328310855967,0.0,0.0,0.0,0.0,0.8590694959769876,False,False
17031460600,Illinois,Cook County,1183,428,0.18845202016649956,19.4444444444444,0.0,0.0,0.0,0.0,38587.0,0.24934304608341806,0.0,0.0,0.0,0.0,0.8813690749155793,False,False
17031831200,Illinois,Cook County,5021,429,0.18840596484880076,20.9384042992972,0.0,0.0,0.0,0.0,43319.0,0.26879406649306303,0.0,0.0,0.0,0.0,0.8616417225997415,False,False
17031660800,Illinois,Cook County,5865,430,0.18825526252304492,19.0505422549621,0.0,0.0,0.0,0.0,37640.0,0.24421452840462207,0.0,0.0,0.0,0.0,0.8853170467336474,False,False
17031242700,Illinois,Cook County,2029,431,0.1881862824192219,20.5512282804074,0.0,0.0,0.0,0.0,42426.0,0.26375312203857326,0.0,0.0,0.0,0.0,0.8653645724767582,False,False
17031820604,Illinois,Cook County,3839,432,0.18794412055058754,19.0396559961777,0.638887477933382,0.404564000318745,0.0124050623257232,0.159650547052788,41366.0,0.2440727917701923,0.00638887471741751,0.004614417017814826,0.00023029594010965445,0.002574711056890252,0.8697836328011006,False,False
17031835100,Illinois,Cook County,5369,433,0.18791354858097087,21.2170753860127,0.0,0.0,0.0,0.0,44898.0,0.2724223011994201,0.0,0.0,0.0,0.0,0.8550589902864052,False,False
17031630500,Illinois,Cook County,6364,434,0.1878208350727686,21.778886118038198,0.0,0.0,0.0,0.0,46786.0,0.279736950237337,0.0,0.0,0.0,0.0,0.8471880601992746,False,False
17031823001,Illinois,Cook County,6450,435,0.18780090424479487,21.5039356891643,0.0,0.0,0.0,0.0,45956.0,0.2761571576570379,0.0,0.0,0.0,0.0,0.8506482678117313,False,False
17031230700,Illinois,Cook County,6364,436,0.18779956890207836,20.4607508532423,0.0,0.0,0.0,0.0,42700.0,0.262575126340306,0.0,0.0,0.0,0.0,0.8642222870721641,False,False
17031820400,Illinois,Cook County,5701,437,0.1877986035002699,20.0386032637305,0.0,0.0,0.0,0.0,41383.0,0.25707885992270174,0.0,0.0,0.0,0.0,0.8697127610789177,False,False
17031831300,Illinois,Cook County,1280,438,0.18770201265890266,20.9169054441261,0.0,0.0,0.0,0.0,44265.0,0.26851415624690833,0.0,0.0,0.0,0.0,0.8576979197065077,False,False
17031251200,Illinois,Cook County,4196,439,0.18766255666674622,23.9358145754402,0.0,0.0,0.0,0.0,53750.0,0.3078196723471652,0.0,0.0,0.0,0.0,0.8181556676533122,False,False
17031140602,Illinois,Cook County,5397,440,0.18765847219122023,24.3674823724596,0.0,0.0,0.0,0.0,55104.0,0.31343988971963144,0.0,0.0,0.0,0.0,0.81251094342769,False,False
17031030703,Illinois,Cook County,2830,441,0.18761121043836584,25.1289102784462,0.0,0.0,0.0,0.0,57550.0,0.3233535093471667,0.0,0.0,0.0,0.0,0.8023137532830283,False,False
17031420500,Illinois,Cook County,2624,442,0.18757615248925222,19.7106690777577,0.0,0.0,0.0,0.0,40679.0,0.2528092307732587,0.0,0.0,0.0,0.0,0.8726476841622546,False,False
17031390400,Illinois,Cook County,2934,443,0.18756019287765544,28.9112903225806,0.0,0.0,0.0,0.0,69436.0,0.37259924456321847,0.0,0.0,0.0,0.0,0.752761912702714,False,True
17031191000,Illinois,Cook County,2559,444,0.18751034324398322,25.9901923802339,0.0,0.0,0.0,0.0,60385.0,0.3345672080860697,0.0,0.0,0.0,0.0,0.7904948513778296,False,False
17031291600,Illinois,Cook County,1055,445,0.18734383497669713,19.672131147541,0.0,0.0,0.0,0.0,40893.0,0.25230747561246525,0.0,0.0,0.0,0.0,0.8717555342477175,False,False
17031301702,Illinois,Cook County,4045,446,0.18724274022298748,20.214709913202398,0.0,0.0,0.0,0.0,42733.0,0.25937172878529213,0.0,0.0,0.0,0.0,0.8640847125526326,False,False
17031230300,Illinois,Cook County,1024,447,0.18719337359518326,19.250253292806498,0.0,0.0,0.0,0.0,39792.0,0.24681472108083394,0.0,0.0,0.0,0.0,0.8763455204902656,False,False
17031480300,Illinois,Cook County,1468,448,0.18714958874913232,24.6600181323663,0.0,0.0,0.0,0.0,56750.0,0.3172486393443373,0.0,0.0,0.0,0.0,0.8056488931504565,False,False
17031824114,Illinois,Cook County,4709,449,0.18704330163533642,2.97514190643962,43.1882906065512,5.40747018354698,0.420672312423033,0.22141418506943397,110300.0,0.034916441005122846,0.43188290188001816,0.06167707067021828,0.007809644411594418,0.003570783570582578,0.582402968274482,False,False
17031251000,Illinois,Cook County,1181,450,0.18646772807743436,19.0625,0.0,0.0,0.0,0.0,40250.0,0.24437021554844326,0.0,0.0,0.0,0.0,0.874436152916163,False,False
17031210400,Illinois,Cook County,3035,451,0.18643814667310413,23.5716852317643,0.0,0.0,0.0,0.0,54375.0,0.30307879040674085,0.0,0.0,0.0,0.0,0.8155500896318839,False,False
17031600700,Illinois,Cook County,2545,452,0.18632037313504515,17.913920124079098,0.0,0.0,0.0,0.0,36875.0,0.22941596457839547,0.0,0.0,0.0,0.0,0.8885062742318756,False,False
17031240800,Illinois,Cook County,1617,453,0.18631780021589547,22.0708446866485,0.0,0.0,0.0,0.0,49861.0,0.2835381849615253,0.0,0.0,0.0,0.0,0.8343686163338475,False,False
17031020602,Illinois,Cook County,4340,454,0.18626240136408337,22.0097726789887,0.0,0.0,0.0,0.0,49750.0,0.28274304119404714,0.0,0.0,0.0,0.0,0.8348313669904531,False,False
17031430800,Illinois,Cook County,1763,455,0.18622570728535914,26.995979322228603,0.0,0.0,0.0,0.0,65375.0,0.3476623272574085,0.0,0.0,0.0,0.0,0.7696919164547463,False,False
17031030701,Illinois,Cook County,1549,456,0.1860974773110262,26.302250803858502,0.0,0.0,0.0,0.0,63393.0,0.33863013838985745,0.0,0.0,0.0,0.0,0.7779547254762996,False,False
17031672000,Illinois,Cook County,3735,457,0.18609403853534565,21.403855659911,0.0,0.0,0.0,0.0,48100.0,0.27485413824505,0.0,0.0,0.0,0.0,0.8417100929670238,False,False
17031829200,Illinois,Cook County,5951,458,0.1857764056142994,22.3051711580481,0.0,0.0,0.0,0.0,51372.0,0.2865890627765539,0.0,0.0,0.0,0.0,0.8280693709092425,False,False
17031230400,Illinois,Cook County,2609,459,0.18576614013097906,21.110579224509298,0.0,0.0,0.0,0.0,47656.0,0.2710357451924278,0.0,0.0,0.0,0.0,0.8435610955934465,False,False
17031031300,Illinois,Cook County,7076,460,0.185756922075727,22.093185952147802,0.0,0.0,0.0,0.0,50738.0,0.28382906320018253,0.0,0.0,0.0,0.0,0.8307124692541794,False,False
17031691300,Illinois,Cook County,2448,461,0.18561757857259886,24.1941600303375,0.0,0.0,0.0,0.0,57500.0,0.3111832719108506,0.0,0.0,0.0,0.0,0.8025221995247426,False,False
17031822602,Illinois,Cook County,7061,462,0.18556739415112591,10.582690659811501,13.0646269676149,7.59675549457978,1.28920107121215,2.0607431723481,80898.0,0.13396501020766377,0.13064626841002075,0.08664784263243554,0.023933597823972794,0.03323394958052597,0.7049776962521366,False,False
17031251700,Illinois,Cook County,1495,463,0.18541085961844606,19.2626034612491,0.0,0.0,0.0,0.0,42396.0,0.24697551748888955,0.0,0.0,0.0,0.0,0.8654896402217868,False,False
17031030104,Illinois,Cook County,3681,464,0.18535953056183854,27.8776104905294,0.0,0.0,0.0,0.0,69375.0,0.3591409662534259,0.0,0.0,0.0,0.0,0.7530162171176054,False,False
17031730700,Illinois,Cook County,2331,465,0.18511552863793793,21.4380238200265,0.0,0.0,0.0,0.0,49615.0,0.27529899998454577,0.0,0.0,0.0,0.0,0.8353941718430817,False,False
17031804508,Illinois,Cook County,2244,466,0.1850760920066925,26.5961945031713,0.0,0.0,0.0,0.0,65781.0,0.3424572190681285,0.0,0.0,0.0,0.0,0.7679993329720265,False,False
17031840300,Illinois,Cook County,3950,467,0.1847432935239222,21.8594933402977,0.0,0.0,0.0,0.0,51467.0,0.28078643809354775,0.0,0.0,0.0,0.0,0.8276733230499854,False,False
17031530300,Illinois,Cook County,4273,468,0.18432791741999632,21.8918918918919,0.0,0.0,0.0,0.0,52166.0,0.28120825992915777,0.0,0.0,0.0,0.0,0.8247592445908201,False,False
17031841200,Illinois,Cook County,5262,469,0.18431374358863728,19.0871369294606,0.0,0.0,0.0,0.0,43427.0,0.24469098281418503,0.0,0.0,0.0,0.0,0.8611914787176387,False,False
17031600600,Illinois,Cook County,2738,470,0.1840757403084219,16.64,0.0,0.0,0.0,0.0,36127.0,0.2128298118426103,0.0,0.0,0.0,0.0,0.8916246300079209,False,False
17031841300,Illinois,Cook County,4463,471,0.1840142614120972,21.1111111111111,0.0,0.0,0.0,0.0,50179.0,0.27104267023603834,0.0,0.0,0.0,0.0,0.8330428982365448,False,False
17031814200,Illinois,Cook County,7375,472,0.18383488594255282,18.4095367436246,0.0,0.0,0.0,0.0,42000.0,0.23586878119915308,0.0,0.0,0.0,0.0,0.8671405344561638,False,False
17031580100,Illinois,Cook County,2989,473,0.18367299612309496,18.4191443074692,0.0,0.0,0.0,0.0,42263.0,0.23599386951382317,0.0,0.0,0.0,0.0,0.8660441072247467,False,False
17031490700,Illinois,Cook County,3085,474,0.18340397613265572,22.279411764705902,0.0,0.0,0.0,0.0,54706.0,0.28625368128419876,0.0,0.0,0.0,0.0,0.8141701755117355,False,False
17031823400,Illinois,Cook County,5052,475,0.1832830123265632,21.8894472361809,0.28440317202445,0.0706330257352155,0.036452681408463,0.0946156973846966,55066.0,0.28117643106309104,0.002844031692682221,0.000805633313185403,0.0006767321528947091,0.0015258831661329173,0.8126693625713928,False,False
17031821401,Illinois,Cook County,3338,476,0.18327146352189283,19.8238933841028,0.0,0.0,0.0,0.0,47228.0,0.2542833857088365,0.0,0.0,0.0,0.0,0.8453453954225205,False,False
17031200401,Illinois,Cook County,3603,477,0.18322435907286758,18.4730379071009,0.0,0.0,0.0,0.0,43077.0,0.23669555202756695,0.0,0.0,0.0,0.0,0.8626506024096385,False,False
17031010501,Illinois,Cook County,4091,478,0.18306276463341417,20.7004830917874,0.0,0.0,0.0,0.0,50266.0,0.26569638602452295,0.0,0.0,0.0,0.0,0.832680201775962,False,False
17031650100,Illinois,Cook County,4816,479,0.182921592779685,18.4510250569476,0.0,0.0,0.0,0.0,43444.0,0.23640894968265422,0.0,0.0,0.0,0.0,0.8611206069954559,False,False
17031830300,Illinois,Cook County,4748,480,0.1828984325162293,20.2241831624135,0.0,0.0,0.0,0.0,49015.0,0.25949506835372316,0.0,0.0,0.0,0.0,0.8378955267436528,False,False
17031030601,Illinois,Cook County,4012,481,0.18285152880069286,17.6220806794055,0.0,0.0,0.0,0.0,40956.0,0.22561628082099963,0.0,0.0,0.0,0.0,0.8714928919831575,False,False
17031823903,Illinois,Cook County,4707,482,0.1827178105867532,7.426291287962759,32.6244317044213,4.9126229057265,1.19015830190619,1.2989287662059998,111328.0,0.0928694021808539,0.32624431388249125,0.05603289150896045,0.02209490108312027,0.02094804132025677,0.5781173135448368,False,False
17031590600,Illinois,Cook County,3564,483,0.18241163407194141,18.2979880369766,0.0,0.0,0.0,0.0,43700.0,0.23441644219376964,0.0,0.0,0.0,0.0,0.8600533622378789,False,False
17031839200,Illinois,Cook County,2545,484,0.18236188714953858,22.8395061728395,0.0,0.0,0.0,0.0,57955.0,0.2935459841720886,0.0,0.0,0.0,0.0,0.8006253387251427,False,False
17031838200,Illinois,Cook County,1578,485,0.18229104556318662,34.468524251806,0.0,0.0,0.0,0.0,94375.0,0.44495317711864535,0.0,0.0,0.0,0.0,0.6487930962604744,False,False
17031460400,Illinois,Cook County,3705,486,0.18218072137682764,21.517486662714898,0.0,0.0,0.0,0.0,54087.0,0.27633358827680793,0.0,0.0,0.0,0.0,0.816750739984158,False,False
17031221300,Illinois,Cook County,3222,487,0.18211645498411047,21.980337078651697,0.0,0.0,0.0,0.0,55625.0,0.28235979631563535,0.0,0.0,0.0,0.0,0.8103389335890274,False,False
17031570300,Illinois,Cook County,6116,488,0.18201754812949522,20.1938325991189,0.0,0.0,0.0,0.0,50188.0,0.25909991086393525,0.0,0.0,0.0,0.0,0.8330053779130362,False,False
17031550100,Illinois,Cook County,6628,489,0.18195556369483187,25.3087384711584,0.0142819212730491,0.00537650577620562,0.0014121811417037902,0.0029496923568936,66318.0,0.32569483186350656,0.00014281921134639145,6.132389369928178e-05,2.621668276179657e-05,4.7570181661873566e-05,0.7657606203360153,False,False
17031530400,Illinois,Cook County,2223,490,0.1818918701771277,23.4778373112518,0.0,0.0,0.0,0.0,60625.0,0.30185691164516515,0.0,0.0,0.0,0.0,0.7894943094176012,False,False
17031802402,Illinois,Cook County,4821,491,0.18187001237683895,19.5434823618185,6.723442242813659,0.640602643510608,0.14243984784928998,1.09819281237178,71132.0,0.2506324974337438,0.06723442177654966,0.007306650462086482,0.0026443493638486,0.017710739041038856,0.7456914161837662,False,False
17031840400,Illinois,Cook County,3326,492,0.18181236153554078,21.754385964912302,0.0,0.0,0.0,0.0,55357.0,0.2794179637686289,0.0,0.0,0.0,0.0,0.8114562054446158,False,False
17031770800,Illinois,Cook County,5582,493,0.18179637457468312,6.99121522693997,13.8178129374463,2.5554943929964598,1.5746356682432,1.66648937284282,62869.0,0.08720480997965581,0.13817812803534146,0.029147716570635408,0.029232598114102636,0.026875752658898144,0.7801392420894652,False,False
17031824116,Illinois,Cook County,4718,494,0.1817579076365168,9.55855527179861,17.9817386921473,3.2807278792592203,0.492399348657919,1.80810111832312,78643.0,0.12063099840689744,0.17981738517881415,0.037419658063856304,0.00914123346832488,0.02915954894775833,0.7143786217534498,False,False
17031381800,Illinois,Cook County,1188,495,0.18144328634796789,23.371335504886,0.0,0.0,0.0,0.0,60938.0,0.30047028214333743,0.0,0.0,0.0,0.0,0.7881894359444699,False,False
17031804403,Illinois,Cook County,6760,496,0.18142629620466788,13.692706831939999,18.5411205339265,3.6634486281611296,0.132575740286229,0.851641300671338,89118.0,0.17445671943391852,0.18541120354239496,0.041784933114064414,0.0024612254209831663,0.013734561602334312,0.6707091341143119,False,False
17031580700,Illinois,Cook County,6137,497,0.18137549487019122,18.098749599230498,0.0,0.0,0.0,0.0,44569.0,0.2318224026642623,0.0,0.0,0.0,0.0,0.856430566556885,False,False
17031200200,Illinois,Cook County,5427,498,0.18137334415636316,21.375,0.0,0.0,0.0,0.0,54804.0,0.27447844406020333,0.0,0.0,0.0,0.0,0.8137616208779755,False,False
17031230800,Illinois,Cook County,1314,499,0.18134079119493776,22.2066057624736,0.0,0.0,0.0,0.0,57448.0,0.2853057635535013,0.0,0.0,0.0,0.0,0.8027389836161254,False,False
17031814300,Illinois,Cook County,4884,500,0.18127481097903508,19.344995931651702,0.0,0.0,0.0,0.0,48606.0,0.24804824887333493,0.0,0.0,0.0,0.0,0.8396006170008755,False,False
17031802505,Illinois,Cook County,6844,501,0.18110653136835878,20.0150489089541,1.6660168011194298,0.9406985889348429,0.0905028048006185,0.355239119418803,59288.0,0.2567721875352185,0.016660167849736115,0.01072951516693367,0.0016801550824053514,0.005729000654818465,0.7950681619210406,False,False
17031381400,Illinois,Cook County,1612,502,0.181060892078902,14.9432534678436,0.0,0.0,0.0,0.0,35167.0,0.1907385546245773,0.0,0.0,0.0,0.0,0.8956267978488348,False,False
17031480500,Illinois,Cook County,3206,503,0.18099229891133253,20.7283866575902,0.0,0.0,0.0,0.0,53333.0,0.2660596841587861,0.0,0.0,0.0,0.0,0.8198941093092091,False,False
17031431200,Illinois,Cook County,3078,504,0.18084224564214324,23.2442067736185,0.0,0.0,0.0,0.0,61406.0,0.2988150947308349,0.0,0.0,0.0,0.0,0.7862383791220244,False,False
17031430600,Illinois,Cook County,1665,505,0.18082865797308093,18.125,0.0,0.0,0.0,0.0,45438.0,0.2321641769625946,0.0,0.0,0.0,0.0,0.8528077708758911,False,False
17031700402,Illinois,Cook County,3914,506,0.1806934325872013,25.1342882721576,0.0,0.0,0.0,0.0,67523.0,0.3234235296125063,0.0,0.0,0.0,0.0,0.7607370659107017,False,False
17031824506,Illinois,Cook County,7617,507,0.18067916761050015,1.45154962730483,36.1301448657585,3.6737573226361,1.3999146336539698,0.266108332299768,97561.0,0.015079613113687787,0.3613014451561152,0.04190251306477501,0.025988959036673625,0.004291573553307615,0.6355109017384417,False,False
17031241100,Illinois,Cook County,3682,508,0.18058480780741407,23.4358430540827,0.0,0.0,0.0,0.0,62375.0,0.30131015588688237,0.0,0.0,0.0,0.0,0.782198690957602,False,False
17031813900,Illinois,Cook County,6329,509,0.1805847859403699,19.7935640558591,0.0,0.0,0.0,0.0,51000.0,0.25388850469462265,0.0,0.0,0.0,0.0,0.8296202109475966,False,False
17031410700,Illinois,Cook County,2154,510,0.18053760163216873,31.258975586405,0.0,0.0,0.0,0.0,86875.0,0.4031655772753987,0.0,0.0,0.0,0.0,0.6800600325176137,False,False
17031814100,Illinois,Cook County,4544,511,0.18042662195980397,17.6249706641633,0.0,0.0,0.0,0.0,44455.0,0.22565390777083028,0.0,0.0,0.0,0.0,0.8569058239879935,False,False
17031310300,Illinois,Cook County,1697,512,0.18033519344253165,21.5196894065446,0.0,0.0,0.0,0.0,56750.0,0.27636226750473336,0.0,0.0,0.0,0.0,0.8056488931504565,False,False
17031820605,Illinois,Cook County,4604,513,0.18028832935472505,20.4231830726771,0.0,0.0,0.0,0.0,53393.0,0.26208600230919826,0.0,0.0,0.0,0.0,0.8196439738191521,False,False
17031711300,Illinois,Cook County,1626,514,0.18017155557633888,23.8573021181717,0.0,0.0,0.0,0.0,64286.0,0.3067974578587501,0.0,0.0,0.0,0.0,0.774231875599283,False,False
17031834400,Illinois,Cook County,3772,515,0.18001127603229494,25.8314350797267,0.0,0.0,0.0,0.0,70682.0,0.3325002238345752,0.0,0.0,0.0,0.0,0.7475674323591945,False,False
17031750500,Illinois,Cook County,5936,516,0.17985335626619034,24.3744374437444,0.0,0.0,0.0,0.0,66359.0,0.3135304431793323,0.0,0.0,0.0,0.0,0.7655896944178097,False,False
17031221100,Illinois,Cook County,4870,517,0.17975252420930643,20.3959208158368,0.0,0.0,0.0,0.0,54079.0,0.2617310538730062,0.0,0.0,0.0,0.0,0.8167840913828324,False,False
17031030604,Illinois,Cook County,2976,518,0.17968882485599336,24.431818181818198,0.0,0.0,0.0,0.0,66775.0,0.3142775274492131,0.0,0.0,0.0,0.0,0.763855421686747,False,False
17031530501,Illinois,Cook County,5402,519,0.179595523827526,20.004306632213602,0.271207250872615,0.0824169659561601,0.0306220499718877,0.102542650618219,54491.0,0.2566323255145312,0.002712072482442723,0.0009400397711243149,0.0005684883800815216,0.0016537224658695706,0.8150664943511068,False,False
17031381900,Illinois,Cook County,1295,520,0.17948767851395273,20.969023034154098,0.0,0.0,0.0,0.0,56250.0,0.26919271551611706,0.0,0.0,0.0,0.0,0.8077333555675992,False,False
17031220602,Illinois,Cook County,5064,521,0.17945189688357122,17.116223720745698,0.0,0.0,0.0,0.0,44269.0,0.2190301372942566,0.0,0.0,0.0,0.0,0.8576812440071706,False,False
17031817700,Illinois,Cook County,4929,522,0.17941352761747417,13.6018237082067,9.30061078179559,3.1564150312973096,0.48598583214195895,2.27280504146279,75250.0,0.17327344165782135,0.09300610691660861,0.03600175800177337,0.009022168623935577,0.03665390678852648,0.7285237837161795,False,False
17031580400,Illinois,Cook County,4795,523,0.17933920202895862,17.584293640631703,0.0,0.0,0.0,0.0,45893.0,0.2251243020974605,0.0,0.0,0.0,0.0,0.8509109100762913,False,False
17031822200,Illinois,Cook County,3703,524,0.17911606668215252,3.9215686274509802,29.3366872456278,4.75809723299772,1.31917164555288,0.9813079011249439,96603.0,0.0472387034854886,0.2933668696131805,0.05427038695253136,0.024489991771233538,0.01582571654079426,0.6395047317296869,False,False
17031813802,Illinois,Cook County,5130,525,0.1788274333368889,16.3087637840975,0.0,0.0,0.0,0.0,42646.0,0.20851719100811814,0.0,0.0,0.0,0.0,0.8644474090132155,False,False
17031816401,Illinois,Cook County,5142,526,0.17871761576298417,21.0326499620349,0.0,0.0,0.0,0.0,57557.0,0.2700211237687166,0.0,0.0,0.0,0.0,0.8022845708091884,False,False
17031830201,Illinois,Cook County,5351,527,0.17865773814191468,19.9813606710158,1.9817398098379,0.851114461008042,0.238299259675845,0.21990641813890802,63354.0,0.2563335742742434,0.019817397906323246,0.009707727454468297,0.004423948110335995,0.0035464675612803666,0.7781173135448368,False,False
17031803608,Illinois,Cook County,7326,528,0.17857345644133024,13.0305084745763,18.9540453390597,1.5621906224788,0.491482802129995,1.9082433205233298,92083.0,0.1658350461523538,0.1895404515537093,0.017818191899816718,0.009124218080674242,0.030774558980771038,0.6583482719806562,False,False
17031801603,Illinois,Cook County,3855,529,0.17840505670200224,19.2616775489704,0.0,0.0,0.0,0.0,52476.0,0.24696346231982189,0.0,0.0,0.0,0.0,0.8234668778921916,False,False
17031282700,Illinois,Cook County,2349,530,0.1784042700453986,22.2375690607735,0.0,0.0,0.0,0.0,61771.0,0.28570889871488125,0.0,0.0,0.0,0.0,0.7847167215575104,False,False
17031825304,Illinois,Cook County,4056,531,0.17834915909969085,7.748469147432881,21.1510605841904,3.66738968238573,0.45770548371752895,1.08233224937176,83594.0,0.09706408525733223,0.21151060379209763,0.04182988438918479,0.008497153170081097,0.017454953090545663,0.6937382748989036,False,False
17031650302,Illinois,Cook County,4344,532,0.17820448157371857,17.520858164481503,0.0,0.0,0.0,0.0,47328.0,0.22429838650321943,0.0,0.0,0.0,0.0,0.844928502939092,False,False
17031826402,Illinois,Cook County,5132,533,0.1781577145211648,19.9558764540714,0.0,0.0,0.0,0.0,55000.0,0.256001775516533,0.0,0.0,0.0,0.0,0.8129445116104557,False,False
17031040202,Illinois,Cook County,7249,534,0.17811023147951852,18.4597961494904,0.0,0.0,0.0,0.0,50396.0,0.23652314732960622,0.0,0.0,0.0,0.0,0.8321382415475049,False,False
17031825505,Illinois,Cook County,5525,535,0.1779972104841526,14.968922651933699,6.7787925012987,2.96604701733939,0.17883787015442498,0.771616805715476,67813.0,0.19107276161281303,0.06778792435603592,0.03383043924241036,0.0033200667882997146,0.012443993196597565,0.759528077708759,False,False
17031750100,Illinois,Cook County,4147,536,0.17782478866706597,19.4022024121657,0.0,0.0,0.0,0.0,53750.0,0.2487930643490837,0.0,0.0,0.0,0.0,0.8181556676533122,False,False
17031828201,Illinois,Cook County,4290,537,0.17779828236986486,6.80994928761169,10.7719608614577,2.80830720548642,0.445509661675786,1.28584224657031,54942.0,0.08484476832659864,0.1077196075706372,0.03203127453267895,0.008270741707666335,0.020736992830763773,0.8131863092508442,False,False
17031190800,Illinois,Cook County,6632,538,0.17747824151594363,18.9962671090834,0.0,0.0,0.0,0.0,52981.0,0.24350787824478426,0.0,0.0,0.0,0.0,0.8213615708508776,False,False
17031470100,Illinois,Cook County,2916,539,0.177300560743648,17.722602739726,0.0,0.0,0.0,0.0,49259.0,0.22692505537780075,0.0,0.0,0.0,0.0,0.8368783090840872,False,False
17031010202,Illinois,Cook County,2818,540,0.1771881666694166,18.4584980237154,0.0,0.0,0.0,0.0,51719.0,0.236506246024754,0.0,0.0,0.0,0.0,0.8266227539917456,False,False
17031813600,Illinois,Cook County,5334,541,0.1769935301753716,18.9592500478286,0.0,0.0,0.0,0.0,53563.0,0.24302592445490606,0.0,0.0,0.0,0.0,0.8189352565973236,False,False
17031816700,Illinois,Cook County,2809,542,0.17686378887924392,19.4966323998582,0.0,0.0,0.0,0.0,55428.0,0.25002252149408194,0.0,0.0,0.0,0.0,0.8111602117813816,False,False
17031804805,Illinois,Cook County,6911,543,0.17685681634371164,3.5515750463248903,34.579681175918694,3.2296333714539096,0.0,0.9970176150370611,101280.0,0.04242147049589779,0.3457968084079767,0.03683687915582706,0.0,0.01607906972283338,0.6200066702797349,False,False
17031210700,Illinois,Cook County,4309,544,0.17682047157283662,22.7625570776256,0.0,0.0,0.0,0.0,65690.0,0.2925441243050732,0.0,0.0,0.0,0.0,0.7683787051319465,False,False
17031824702,Illinois,Cook County,5607,545,0.17662310645101162,12.334883720930199,11.0526359568141,2.5448155669960197,0.56932722265172,1.9970533490780502,77143.0,0.1567781687291263,0.11052635849700022,0.029025914936313298,0.010569374383449752,0.03220681315530244,0.7206320090048777,False,False
17031816600,Illinois,Cook County,4828,546,0.1764578870700011,19.7229551451187,0.0,0.0,0.0,0.0,56719.0,0.25296919259968714,0.0,0.0,0.0,0.0,0.8057781298203194,False,False
17031580800,Illinois,Cook County,2061,547,0.17642989083076885,16.357885223678302,0.0,0.0,0.0,0.0,46250.0,0.20915674107416155,0.0,0.0,0.0,0.0,0.8494226039104515,False,False
17031710700,Illinois,Cook County,3583,548,0.17620833949537187,18.3297180043384,0.0,0.0,0.0,0.0,52727.0,0.2348295592134452,0.0,0.0,0.0,0.0,0.822420477758786,False,False
17031242600,Illinois,Cook County,5831,549,0.17617303498694237,17.3009776536313,0.0,0.0,0.0,0.0,49565.0,0.22143559183685815,0.0,0.0,0.0,0.0,0.835602618084796,False,False
17031804712,Illinois,Cook County,5392,550,0.17603571667838933,4.0007513148009,33.225394236162195,2.25119814439325,0.19527049571798602,1.15815731430773,99432.0,0.048269644218421205,0.3322539391416593,0.02567694362270734,0.0036251331276104773,0.01867779658644369,0.6277108433734939,False,False
17031838100,Illinois,Cook County,1713,551,0.17578790639357986,36.875,0.0,0.0,0.0,0.0,111250.0,0.476284948679568,0.0,0.0,0.0,0.0,0.578442489681911,False,False
17031671900,Illinois,Cook County,1378,552,0.17555993364402356,18.15834767642,0.0,0.0,0.0,0.0,53125.0,0.2325983561894009,0.0,0.0,0.0,0.0,0.8207612456747405,False,False
17031826303,Illinois,Cook County,4162,553,0.175545968483884,16.3171690694626,0.0,0.0,0.0,0.0,47395.0,0.20862662592810904,0.0,0.0,0.0,0.0,0.8446491849751949,False,False
17031230200,Illinois,Cook County,2107,554,0.17544565775803936,20.707305723592402,0.0,0.0,0.0,0.0,61250.0,0.2657852151520631,0.0,0.0,0.0,0.0,0.786888731396173,False,False
17031191100,Illinois,Cook County,7414,555,0.175433064163399,16.939158402573,0.0,0.0,0.0,0.0,49500.0,0.21672478678136964,0.0,0.0,0.0,0.0,0.8358735981990244,False,False
17031826000,Illinois,Cook County,3334,556,0.17529152965482783,16.2335350658597,0.0,0.0,0.0,0.0,47500.0,0.207537730061372,0.0,0.0,0.0,0.0,0.8442114478675949,False,False
17031250700,Illinois,Cook County,6098,557,0.17483322630536532,17.716827279466298,0.0,0.0,0.0,0.0,52792.0,0.22684986018763437,0.0,0.0,0.0,0.0,0.8221494976445575,False,False
17031804405,Illinois,Cook County,3701,558,0.1745011001213553,11.7664148750726,6.18775806469519,1.4840349110114601,0.11279394177098499,1.3836056841967501,59444.0,0.1493768325505762,0.061877580047279564,0.016926755576391558,0.0020939827770924354,0.022313640129899975,0.7944178096468921,False,False
17031839900,Illinois,Cook County,4080,559,0.174365128912413,14.7770988911518,10.127642675503798,2.68551403528773,1.37498058094657,1.44961675710954,87656.0,0.18857525950530746,0.1012764257735408,0.030630707765023288,0.025526066472475278,0.023378211736094046,0.676804102222037,False,False
17031190900,Illinois,Cook County,2040,560,0.1742648189513686,20.5633802816901,0.0,0.0,0.0,0.0,62500.0,0.26391133835489533,0.0,0.0,0.0,0.0,0.7816775753533164,False,False
17031816500,Illinois,Cook County,4438,561,0.1741892788125856,17.1408582089552,0.0,0.0,0.0,0.0,51920.0,0.21935087277545962,0.0,0.0,0.0,0.0,0.8257848001000542,False,False
17031803606,Illinois,Cook County,8287,562,0.1741856471268326,19.0715883668904,0.0,0.0,0.0,0.0,57955.0,0.24448854403585293,0.0,0.0,0.0,0.0,0.8006253387251427,False,False
17031817400,Illinois,Cook County,4204,563,0.17414339681362292,19.5013576894594,0.0,0.0,0.0,0.0,59358.0,0.2500840436990969,0.0,0.0,0.0,0.0,0.7947763371826406,False,False
17031828000,Illinois,Cook County,5147,564,0.17406933359359975,18.6055698202647,0.0,0.0,0.0,0.0,56667.0,0.23842108764989625,0.0,0.0,0.0,0.0,0.8059949139117022,False,False
17031843600,Illinois,Cook County,2807,565,0.1739725089942835,22.481151473612098,0.0,0.0,0.0,0.0,68910.0,0.28888028680015276,0.0,0.0,0.0,0.0,0.754954767165548,False,False
17031190601,Illinois,Cook County,4545,566,0.17394934909936868,16.0335086693941,0.0,0.0,0.0,0.0,48807.0,0.20493343148702808,0.0,0.0,0.0,0.0,0.8387626631091841,False,False
17031140702,Illinois,Cook County,6187,567,0.17373968785966185,19.8462041884817,0.0,0.0,0.0,0.0,61016.0,0.25457386735057536,0.0,0.0,0.0,0.0,0.7878642598073957,False,False
17031222500,Illinois,Cook County,1410,568,0.1736116151721535,22.5972540045767,0.0,0.0,0.0,0.0,69792.0,0.2903919155712127,0.0,0.0,0.0,0.0,0.7512777754617084,False,False
17031820300,Illinois,Cook County,5353,569,0.17326313190075657,18.100518690753002,0.0,0.0,0.0,0.0,56250.0,0.23184543583694026,0.0,0.0,0.0,0.0,0.8077333555675992,False,False
17031824400,Illinois,Cook County,2317,570,0.17319371500496786,20.9503239740821,0.0,0.0,0.0,0.0,65250.0,0.2689492579707753,0.0,0.0,0.0,0.0,0.7702130320590319,False,False
17031520600,Illinois,Cook County,2544,571,0.172912451253475,16.625133499466,0.0,0.0,0.0,0.0,52147.0,0.21263625335817876,0.0,0.0,0.0,0.0,0.8248384541626714,False,False
17031010400,Illinois,Cook County,5042,572,0.1728376861392015,19.0606976105466,0.0,0.0,0.0,0.0,59861.0,0.244346748844214,0.0,0.0,0.0,0.0,0.7926793679909951,False,False
17031836600,Illinois,Cook County,2997,573,0.17270443826398715,17.6909569798068,0.0,0.0,0.0,0.0,55775.0,0.2265130347200383,0.0,0.0,0.0,0.0,0.8097135948638846,False,False
17031828801,Illinois,Cook County,4969,574,0.17250495936166468,4.812057381514441,26.7762760376278,2.4256472967306,0.273875126259858,1.50168091780792,93734.0,0.058832666250675694,0.2677627577813168,0.027666693419166288,0.005084402481709198,0.024217859157868973,0.6514653770792513,False,False
17031811600,Illinois,Cook County,6213,575,0.17242193819550636,18.4134615384615,0.0,0.0,0.0,0.0,58438.0,0.23591988114285523,0.0,0.0,0.0,0.0,0.798611748030183,False,False
17031804511,Illinois,Cook County,2414,576,0.17206529811068613,19.3717277486911,0.0,0.0,0.0,0.0,61944.0,0.24839629110293784,0.0,0.0,0.0,0.0,0.7839954975611789,False,False
17031821300,Illinois,Cook County,5519,577,0.17204208749002015,15.2832912306027,0.0,0.0,0.0,0.0,49209.0,0.19516576961431942,0.0,0.0,0.0,0.0,0.8370867553258015,False,False
17031826201,Illinois,Cook County,3596,578,0.17202921467474705,16.787221217601,4.57482496079667,1.6536523199519,0.584441556928087,0.416480431411833,73636.0,0.21474659889614997,0.04574824916460807,0.018861394985028423,0.010849967074555364,0.0067166495294244755,0.735252428398716,False,False
17031821200,Illinois,Cook County,6003,579,0.17191007850676218,18.5518905872888,0.0,0.0,0.0,0.0,59607.0,0.23772219614166945,0.0,0.0,0.0,0.0,0.7937382748989036,False,False
17031830700,Illinois,Cook County,4247,580,0.17189976521557396,24.9658563234089,0.0,0.0,0.0,0.0,79653.0,0.3212305836226222,0.0,0.0,0.0,0.0,0.7101680076708217,False,False
17031824006,Illinois,Cook County,3867,581,0.1717876608150876,6.11842105263158,38.5618304240946,4.67319278804107,0.6094008725598801,0.511491938679607,130929.0,0.07584122665260286,0.38561830050381496,0.05330197524168361,0.011313328636713601,0.008248915987698877,0.49640221786801186,False,False
17031830006,Illinois,Cook County,2487,582,0.17171888821932746,12.4309392265193,3.8936299483881998,1.37827607720334,0.7801677636905799,0.8463910508159511,60625.0,0.15802878975057033,0.03893629910653981,0.015720480766660723,0.014483560329221832,0.013649889945370735,0.7894943094176012,False,False
17031222700,Illinois,Cook County,2235,583,0.17169128325280644,19.8205546492659,0.0,0.0,0.0,0.0,63884.0,0.2542399161341729,0.0,0.0,0.0,0.0,0.7759077833826656,False,False
17031570200,Illinois,Cook County,1943,584,0.1716454797763238,22.7097396335583,0.0,0.0,0.0,0.0,72973.0,0.2918564530940957,0.0,0.0,0.0,0.0,0.7380164255638471,False,False
17031836000,Illinois,Cook County,2177,585,0.1713650368553267,29.3754538852578,0.0,0.0,0.0,0.0,94194.0,0.37864254947648024,0.0,0.0,0.0,0.0,0.64954767165548,False,False
17031828100,Illinois,Cook County,4844,586,0.1712449939338697,16.8789808917197,1.7933786063032802,0.490610054167315,0.115961287825869,0.246079887509881,62452.0,0.21594128916059555,0.01793378588923164,0.005595849806895974,0.0021527835245783687,0.003968571476554396,0.781877683745362,False,False
17031828401,Illinois,Cook County,3644,587,0.170914258626966,6.6702819956616,16.734125942368,3.9300892059410097,0.9082309696313051,0.739482581513385,81731.0,0.08302633168155994,0.16734125780193068,0.04482620920085925,0.01686101202040922,0.01192575919185997,0.701504981865177,False,False
17031833300,Illinois,Cook County,2278,588,0.17091087608909242,43.0900333456836,0.0,0.0,0.0,0.0,137679.0,0.5572032812979681,0.0,0.0,0.0,0.0,0.4682619752365865,False,False
17031520400,Illinois,Cook County,4090,589,0.17088381374557068,16.280068728522302,0.0,0.0,0.0,0.0,53989.0,0.2081435878555059,0.0,0.0,0.0,0.0,0.817159294617918,False,False
17031020801,Illinois,Cook County,5458,590,0.17085833500577507,16.4921465968586,0.0,0.0,0.0,0.0,54688.0,0.2109047938758978,0.0,0.0,0.0,0.0,0.8142452161587527,False,False
17031820902,Illinois,Cook County,5017,591,0.17078830364457487,8.381665107577179,13.191192118513701,4.86743377426219,0.768357458816349,1.56973735429347,83912.0,0.10530815386738537,0.13191191990674297,0.05551746874004158,0.014264305867408065,0.02531541668427041,0.6924125568016009,False,False
17031840100,Illinois,Cook County,2935,592,0.1707725999708344,15.365239294710301,0.0,0.0,0.0,0.0,51292.0,0.19623271492902125,0.0,0.0,0.0,0.0,0.8284028848959853,False,False
17031081900,Illinois,Cook County,1053,593,0.17056107126409684,22.6435536294691,0.0,0.0,0.0,0.0,74327.0,0.2909947262463561,0.0,0.0,0.0,0.0,0.7323717013382249,False,False
17031827901,Illinois,Cook County,2605,594,0.1704713077215871,12.2623574144487,11.4864509840158,2.36951536271943,0.704451500554844,1.52037501925202,85089.0,0.15583389257403057,0.11486450872697503,0.027026458125516996,0.013077912574895234,0.02451934205645771,0.6875057322716471,False,False
17031180100,Illinois,Cook County,6156,595,0.17035849773752568,18.5179282868526,0.0,0.0,0.0,0.0,61734.0,0.23728001464877516,0.0,0.0,0.0,0.0,0.7848709717763789,False,False
17031520100,Illinois,Cook County,2075,596,0.1702890052897226,13.646408839779001,0.0,0.0,0.0,0.0,46620.0,0.17385393001656976,0.0,0.0,0.0,0.0,0.847880101721766,False,False
17031612000,Illinois,Cook County,1545,597,0.17028271752184423,16.460305899490198,0.0,0.0,0.0,0.0,55417.0,0.2104902351765068,0.0,0.0,0.0,0.0,0.8112060699545587,False,False
17031310500,Illinois,Cook County,1700,598,0.16992860892218745,16.1872909698997,0.0,0.0,0.0,0.0,55074.0,0.20693564236040615,0.0,0.0,0.0,0.0,0.8126360111727186,False,False
17031250200,Illinois,Cook County,2669,599,0.16991810412277472,15.8030135979419,0.0,0.0,0.0,0.0,53889.0,0.2019324376353017,0.0,0.0,0.0,0.0,0.8175761871013465,False,False
17031410500,Illinois,Cook County,2557,600,0.16987072106488457,34.1222030981067,0.0,0.0,0.0,0.0,111169.0,0.4404441537958194,0.0,0.0,0.0,0.0,0.5787801725934881,False,False
17031570500,Illinois,Cook County,2462,601,0.16986886361374984,13.8427947598253,0.0,0.0,0.0,0.0,47838.0,0.17641083040889244,0.0,0.0,0.0,0.0,0.8428023512736065,False,False
17031826301,Illinois,Cook County,3956,602,0.16983448568572754,15.2054108216433,0.0,0.0,0.0,0.0,52143.0,0.19415178425235663,0.0,0.0,0.0,0.0,0.8248551298620086,False,False
17031030400,Illinois,Cook County,2684,603,0.16982970542622633,15.9178931061193,0.0,0.0,0.0,0.0,54375.0,0.20342814292547412,0.0,0.0,0.0,0.0,0.8155500896318839,False,False
17031810701,Illinois,Cook County,4916,604,0.16981859403675673,17.6207165109034,0.0,0.0,0.0,0.0,59709.0,0.2255985196547338,0.0,0.0,0.0,0.0,0.7933130445658065,False,False
17031480200,Illinois,Cook County,1229,605,0.16969556283488316,15.7894736842105,0.0,0.0,0.0,0.0,54167.0,0.20175615101188354,0.0,0.0,0.0,0.0,0.8164172259974153,False,False
17031770602,Illinois,Cook County,4956,606,0.16963357647125918,18.706743128337,0.0,0.0,0.0,0.0,63367.0,0.2397383413055639,0.0,0.0,0.0,0.0,0.7780631175219911,False,False
17031700401,Illinois,Cook County,5923,607,0.16958767159252405,16.699499924230903,3.28970747623576,1.65539813488495,0.228855701239672,0.939519804512191,74238.0,0.21360448743836227,0.03289707444354317,0.018881307577673034,0.004248631524982835,0.015151792922106763,0.7327427356484763,False,False
17031824601,Illinois,Cook County,4394,608,0.16948594192802724,7.03330411919369,16.0809240719786,2.79896842905765,0.0,1.45361278285785,78977.0,0.08775279786539932,0.16080923916134024,0.03192475737137806,0.0,0.02344265631124724,0.7129862008587985,False,False
17031630900,Illinois,Cook County,5363,609,0.16906746450685736,13.256704980842901,0.0,0.0,0.0,0.0,47161.0,0.1687800736547264,0.0,0.0,0.0,0.0,0.8456247133864176,False,False
17031822702,Illinois,Cook County,3745,610,0.16906046844959957,17.5550405561993,0.0,0.0,0.0,0.0,60595.0,0.22474343353496773,0.0,0.0,0.0,0.0,0.7896193771626298,False,False
17031830400,Illinois,Cook County,4453,611,0.16894124994089657,15.401785714285701,1.0195786514470702,0.48958739617581404,0.0102594503219394,0.20016414336986202,58647.0,0.19670854107036734,0.010195786415660582,0.0055841854708807365,0.0001904633523686539,0.0032280805962847433,0.7977404427398174,False,False
17031802004,Illinois,Cook County,5381,612,0.168932317166913,16.6765932102442,0.0,0.0,0.0,0.0,58036.0,0.21330624718791244,0.0,0.0,0.0,0.0,0.8002876558135656,False,False
17031151100,Illinois,Cook County,5458,613,0.16892524463751812,17.5586854460094,0.0,0.0,0.0,0.0,60801.0,0.22479088917834184,0.0,0.0,0.0,0.0,0.788760578646767,False,False
17031814000,Illinois,Cook County,4746,614,0.16886014874608335,12.956878850102699,0.0,0.0,0.0,0.0,46523.0,0.16487640504580842,0.0,0.0,0.0,0.0,0.8482844874306916,False,False
17031490902,Illinois,Cook County,5086,615,0.16884453390643828,15.3386911595867,0.0,0.0,0.0,0.0,53984.0,0.1958870641965402,0.0,0.0,0.0,0.0,0.8171801392420894,False,False
17031650200,Illinois,Cook County,7320,616,0.16882061744144447,16.2668145888226,0.0,0.0,0.0,0.0,56917.0,0.20797102194553602,0.0,0.0,0.0,0.0,0.8049526827031308,False,False
17031130300,Illinois,Cook County,5064,617,0.1687674134668821,19.491680380325498,0.0,0.0,0.0,0.0,67065.0,0.2499580473164883,0.0,0.0,0.0,0.0,0.7626464334848042,False,False
17031824507,Illinois,Cook County,4214,618,0.16870811394385601,18.9233278955954,2.67415388873378,0.32867410141617204,0.0299913054657247,0.264545008889775,73846.0,0.24255822613357786,0.026741538628178328,0.0037488243286472873,0.0005567788138414069,0.004266361575375128,0.7343769541835161,False,False
17031839800,Illinois,Cook County,2730,619,0.16852439939449806,17.5177304964539,0.0,0.0,0.0,0.0,61250.0,0.22425766497081553,0.0,0.0,0.0,0.0,0.786888731396173,False,False
17031760803,Illinois,Cook County,6236,620,0.1685221835247911,14.9640792009813,0.0,0.0,0.0,0.0,53278.0,0.19100970097365183,0.0,0.0,0.0,0.0,0.8201234001750948,False,False
17031823702,Illinois,Cook County,6650,621,0.16850485184783984,17.108472922426397,0.0,0.0,0.0,0.0,60000.0,0.21892922364800965,0.0,0.0,0.0,0.0,0.7920998874390295,False,False
17031490500,Illinois,Cook County,2242,622,0.1680455980501154,19.5865070729053,0.0,0.0,0.0,0.0,68400.0,0.25119266946965896,0.0,0.0,0.0,0.0,0.7570809188310335,False,False
17031839700,Illinois,Cook County,4326,623,0.16797561910422287,20.620842572062102,0.0,0.0,0.0,0.0,71731.0,0.26465948441730797,0.0,0.0,0.0,0.0,0.7431942302080293,False,False
17031490300,Illinois,Cook County,2033,624,0.16792907745088778,18.8888888888889,0.0,0.0,0.0,0.0,66389.0,0.2421098380325455,0.0,0.0,0.0,0.0,0.7654646266727811,False,False
17031590500,Illinois,Cook County,1672,625,0.16787697000192014,21.4440825190011,0.0,0.0,0.0,0.0,74444.0,0.27537788287890735,0.0,0.0,0.0,0.0,0.7318839371326136,False,False
17031010701,Illinois,Cook County,3864,626,0.16781116748876057,20.7912904938927,0.0,0.0,0.0,0.0,72500.0,0.26687867792209946,0.0,0.0,0.0,0.0,0.739988327010464,False,False
17031829402,Illinois,Cook County,3346,627,0.16779514484064426,13.044803413593401,0.0912653129754919,0.0367214295899554,0.00872138407478829,0.025439100812767602,48787.0,0.16602116303472725,0.0009126531209101512,0.00041884099792585504,0.00016190965364163497,0.0004102606307908341,0.8388460416058698,False,False
17031200402,Illinois,Cook County,4396,628,0.16777308537082217,19.2809709182505,0.0,0.0,0.0,0.0,67838.0,0.2472146576370314,0.0,0.0,0.0,0.0,0.7594238545879017,False,False
17031191301,Illinois,Cook County,5397,629,0.16775606889148334,18.3810533757511,0.0,0.0,0.0,0.0,65052.0,0.23549793417267964,0.0,0.0,0.0,0.0,0.7710384791762205,False,False
17031580600,Illinois,Cook County,5531,630,0.16755355429424712,17.5717610550815,0.0,0.0,0.0,0.0,62816.0,0.22496113065980053,0.0,0.0,0.0,0.0,0.7803601951056822,False,False
17031191302,Illinois,Cook County,5034,631,0.16724318038069472,14.242424242424201,0.0,0.0,0.0,0.0,52865.0,0.1816139161525137,0.0,0.0,0.0,0.0,0.8218451661316546,False,False
17031440300,Illinois,Cook County,4757,632,0.1670875207850713,16.2551889884204,0.0,0.0,0.0,0.0,59375.0,0.20781965924997023,0.0,0.0,0.0,0.0,0.7947054654604577,False,False
17031222900,Illinois,Cook County,1244,633,0.1669957061795475,11.7982873453853,0.0,0.0,0.0,0.0,45588.0,0.14979180492653688,0.0,0.0,0.0,0.0,0.8521824321507483,False,False
17031825803,Illinois,Cook County,5811,634,0.16690908065285373,14.2338291248703,0.0,0.0,0.0,0.0,53319.0,0.18150200966023336,0.0,0.0,0.0,0.0,0.8199524742568891,False,False
17031814600,Illinois,Cook County,5723,635,0.16683950567725345,18.704411253907598,0.0,0.0,0.0,0.0,67381.0,0.23970798082635042,0.0,0.0,0.0,0.0,0.7613290532371702,False,False
17031381200,Illinois,Cook County,2167,636,0.1667820053040678,22.6218097447796,0.0,0.0,0.0,0.0,79698.0,0.290711625771128,0.0,0.0,0.0,0.0,0.7099804060532788,False,False
17031250600,Illinois,Cook County,4422,637,0.16674430867091086,15.2926829268293,0.0,0.0,0.0,0.0,56863.0,0.19528804738128308,0.0,0.0,0.0,0.0,0.8051778046441822,False,False
17031282800,Illinois,Cook County,1691,638,0.16639512389918967,21.0625,0.0,0.0,0.0,0.0,75385.0,0.2704097645315871,0.0,0.0,0.0,0.0,0.727960978863551,False,False
17031836300,Illinois,Cook County,1288,639,0.16632651869114273,25.945945945945898,0.0,0.0,0.0,0.0,90735.0,0.33399112948958376,0.0,0.0,0.0,0.0,0.6639679826572726,False,False
17031630800,Illinois,Cook County,7107,640,0.16630681980950654,12.7404873877726,0.0,0.0,0.0,0.0,49522.0,0.16205903700436902,0.0,0.0,0.0,0.0,0.8357818818526702,False,False
17031190401,Illinois,Cook County,4257,641,0.16609003146443824,18.3971291866029,0.0,0.0,0.0,0.0,67500.0,0.23570723760473924,0.0,0.0,0.0,0.0,0.7608329511818902,False,False
17031160501,Illinois,Cook County,4188,642,0.16588997106039527,14.0568475452196,0.0,0.0,0.0,0.0,54233.0,0.17919774940401909,0.0,0.0,0.0,0.0,0.8161420769583525,False,False
17031824106,Illinois,Cook County,7063,643,0.1658003462342753,4.63623395149786,24.6896912970797,3.53145171669709,0.609603126477718,1.72072178386326,103197.0,0.05654348484152513,0.24689691057805238,0.04027938938284073,0.011317083414797445,0.02775036781602613,0.61201484137241,False,False
17031570100,Illinois,Cook County,1257,644,0.1657492180782014,15.4383242823894,0.0,0.0,0.0,0.0,58750.0,0.19718426498732244,0.0,0.0,0.0,0.0,0.797311043481886,False,False
17031030101,Illinois,Cook County,3893,645,0.16572475607821838,14.7027600849257,0.0,0.0,0.0,0.0,56488.0,0.18760738501227098,0.0,0.0,0.0,0.0,0.8067411514570393,False,False
17031450300,Illinois,Cook County,3615,646,0.16571326510651757,14.4076840981857,0.0,0.0,0.0,0.0,55583.0,0.1837655622070381,0.0,0.0,0.0,0.0,0.8105140284320673,False,False
17031220902,Illinois,Cook County,3371,647,0.16566995667001475,13.734198838401099,0.0,0.0,0.0,0.0,53542.0,0.17499693600124488,0.0,0.0,0.0,0.0,0.8190228040188435,False,False
17031010600,Illinois,Cook County,6097,648,0.16516457790313074,24.3890437920289,0.0,0.0,0.0,0.0,87545.0,0.3137206145401419,0.0,0.0,0.0,0.0,0.6772668528786425,False,False
17031823303,Illinois,Cook County,4519,649,0.16507126942287775,16.9334261192299,0.0,0.0,0.0,0.0,64395.0,0.2166501537449207,0.0,0.0,0.0,0.0,0.7737774627923458,False,False
17031711200,Illinois,Cook County,5145,650,0.16504564331203414,17.4864485043164,0.0,0.0,0.0,0.0,66159.0,0.22385038048753816,0.0,0.0,0.0,0.0,0.7664234793846667,False,False
17031560400,Illinois,Cook County,1516,651,0.16504123406974489,12.8706624605678,0.0,0.0,0.0,0.0,51750.0,0.1637538870965865,0.0,0.0,0.0,0.0,0.8264935173218827,False,False
17031815200,Illinois,Cook County,6967,652,0.1649247225146686,16.7288464408297,0.0,0.0,0.0,0.0,63967.0,0.21398657246659175,0.0,0.0,0.0,0.0,0.77556176262142,False,False
17031491100,Illinois,Cook County,4514,653,0.1644626040603837,18.2074987159733,0.0,0.0,0.0,0.0,69250.0,0.2332382916404112,0.0,0.0,0.0,0.0,0.753537332721891,False,False
17031210602,Illinois,Cook County,4683,654,0.16443359124459048,15.0952380952381,0.0,0.0,0.0,0.0,59572.0,0.19271736019943927,0.0,0.0,0.0,0.0,0.7938841872681035,False,False
17031620100,Illinois,Cook County,4289,655,0.16438734481558773,13.6957875077817,0.0,0.0,0.0,0.0,55268.0,0.1744968291386591,0.0,0.0,0.0,0.0,0.8118272397548673,False,False
17031660400,Illinois,Cook County,5960,656,0.164324770620449,12.9346547959012,0.0,0.0,0.0,0.0,52981.0,0.1645870528718164,0.0,0.0,0.0,0.0,0.8213615708508776,False,False
17031150502,Illinois,Cook County,4205,657,0.16431141500253543,16.7090951168711,0.0,0.0,0.0,0.0,64788.0,0.21372941468274084,0.0,0.0,0.0,0.0,0.7721390753324717,False,False
17031831700,Illinois,Cook County,2075,658,0.16419197974957342,17.1221864951768,0.0,0.0,0.0,0.0,66250.0,0.21910777127269365,0.0,0.0,0.0,0.0,0.7660441072247468,False,False
17031807400,Illinois,Cook County,6518,659,0.1639397364759572,13.232072440484899,0.0,0.0,0.0,0.0,54464.0,0.16845936353411065,0.0,0.0,0.0,0.0,0.8151790553216325,False,False
17031140601,Illinois,Cook County,2786,660,0.16393576010343083,13.376891334250299,0.0,0.0,0.0,0.0,54922.0,0.17034487287305508,0.0,0.0,0.0,0.0,0.81326968774753,False,False
17031560300,Illinois,Cook County,3187,661,0.16389220823712755,13.2239382239382,0.0,0.0,0.0,0.0,54507.0,0.16835345786900702,0.0,0.0,0.0,0.0,0.8149997915537583,False,False
17031804510,Illinois,Cook County,6145,662,0.16347642511815805,14.3182508351048,0.0,0.0,0.0,0.0,58523.0,0.18260116128967938,0.0,0.0,0.0,0.0,0.7982573894192688,False,False
17031839600,Illinois,Cook County,1952,663,0.16347303951511238,13.3138258961229,0.0,0.0,0.0,0.0,55391.0,0.16952377509042416,0.0,0.0,0.0,0.0,0.8113144620002501,False,False
17031823002,Illinois,Cook County,6077,664,0.16325255763156737,20.1522227988237,0.0,0.0,0.0,0.0,77065.0,0.2585581606474524,0.0,0.0,0.0,0.0,0.7209571851419518,False,False
17031806201,Illinois,Cook County,4196,665,0.163242372769918,11.9007919966653,0.0,0.0,0.0,0.0,51310.0,0.1511263923705397,0.0,0.0,0.0,0.0,0.8283278442489682,False,False
17031822301,Illinois,Cook County,3836,666,0.16318934421752915,14.770932069510302,3.4044232557414102,0.9949993043050279,0.215028873644769,0.321084533934481,73438.0,0.1884949688782054,0.034044232227482256,0.011348863761683294,0.0039919409759076084,0.005178183945991839,0.7360778755159044,False,False
17031815500,Illinois,Cook County,7989,667,0.16305556948068398,9.57123770193125,7.3788757712728,0.443619793354373,0.397110294698946,0.718554358051241,67765.0,0.12079612078722951,0.07378875699762123,0.005059883534573276,0.007372223229808247,0.011588246234067002,0.7597281861008046,False,False
17031825503,Illinois,Cook County,6608,668,0.16285512584849193,12.4927703875072,3.6143927349178604,2.07863300088838,0.759995073492271,0.3416638511057,72779.0,0.15883381752318487,0.03614392699889805,0.023708682644856725,0.014109060908600054,0.005510070033713602,0.7388251969816984,False,False
17031805901,Illinois,Cook County,3834,669,0.16257669115387705,5.65671279436756,22.4810277356683,2.36272495637741,0.465713178277907,0.733414908600686,98068.0,0.06982988924910888,0.2248102751779859,0.026949007421653563,0.008645813410430652,0.011827904816624076,0.6333972568474591,False,False
17031030706,Illinois,Cook County,3599,670,0.16246735341219495,13.285519125683102,0.0,0.0,0.0,0.0,56750.0,0.1691552273227133,0.0,0.0,0.0,0.0,0.8056488931504565,False,False
17031806501,Illinois,Cook County,2773,671,0.16218437231733265,15.124337545862199,0.0,0.0,0.0,0.0,62900.0,0.19309622848439367,0.0,0.0,0.0,0.0,0.7800100054196023,False,False
17031802404,Illinois,Cook County,7226,672,0.16208881192248242,15.0431565967941,0.0,0.0,0.0,0.0,62784.0,0.19203927083451525,0.0,0.0,0.0,0.0,0.7804936007003793,False,False
17031813801,Illinois,Cook County,2893,673,0.16207499115703494,11.0160427807487,0.0,0.0,0.0,0.0,50227.0,0.13960715709771052,0.0,0.0,0.0,0.0,0.8328427898444991,False,False
17031817200,Illinois,Cook County,4684,674,0.1619331382011344,14.043478260869598,0.0,0.0,0.0,0.0,59886.0,0.17902368433666835,0.0,0.0,0.0,0.0,0.792575144870138,False,False
17031030103,Illinois,Cook County,1928,675,0.16189131718589486,16.6123778501629,0.0,0.0,0.0,0.0,67969.0,0.21247017768075885,0.0,0.0,0.0,0.0,0.7588777254346104,False,False
17031770400,Illinois,Cook County,4505,676,0.16187656650634105,6.6852367688022305,10.9414609013069,2.42063782422842,2.14346755765965,1.21255639824085,84091.0,0.08322103945542357,0.1094146079527025,0.02760955587072865,0.039792776797435064,0.01955509970549278,0.6916663192562638,False,False
17031480400,Illinois,Cook County,5876,677,0.16184057271601685,12.4641833810888,0.0,0.0,0.0,0.0,55087.0,0.15846162114622817,0.0,0.0,0.0,0.0,0.8125818151498728,False,False
17031010300,Illinois,Cook County,6236,678,0.1616470373823166,16.1495063469676,0.0,0.0,0.0,0.0,66875.0,0.2064436950905811,0.0,0.0,0.0,0.0,0.7634385292033185,False,False
17031691000,Illinois,Cook County,2492,679,0.1616323638593016,17.7254901960784,0.0,0.0,0.0,0.0,71818.0,0.22696264940836325,0.0,0.0,0.0,0.0,0.7428315337474465,False,False
17031151001,Illinois,Cook County,2819,680,0.16149625115018032,17.2807663964628,0.0,0.0,0.0,0.0,70625.0,0.2211724458263331,0.0,0.0,0.0,0.0,0.7478050610747489,False,False
17031827801,Illinois,Cook County,4998,681,0.16133854638300063,14.9926300273742,0.0,0.0,0.0,0.0,63706.0,0.1913814262948354,0.0,0.0,0.0,0.0,0.7766498520031684,False,False
17031806004,Illinois,Cook County,7604,682,0.16120576691337607,13.3400489279033,0.0,0.0,0.0,0.0,58736.0,0.1698651930506903,0.0,0.0,0.0,0.0,0.797369408429566,False,False
17031829902,Illinois,Cook County,6343,683,0.16097775445233523,19.5482866043614,3.96926244934358,0.612831493905781,0.0,0.721856504592535,92443.0,0.25069504758825517,0.03969262410876386,0.006989895473407728,0.0,0.011641500503271169,0.6568474590403135,False,False
17031834300,Illinois,Cook County,6570,684,0.16091952483668337,18.2045303131246,0.0,0.0,0.0,0.0,74340.0,0.233199643704721,0.0,0.0,0.0,0.0,0.7323175053153792,False,False
17031580300,Illinois,Cook County,2426,685,0.16009574319537648,10.0978473581213,0.0,0.0,0.0,0.0,50208.0,0.1276524597559082,0.0,0.0,0.0,0.0,0.8329219994163506,False,False
17031816200,Illinois,Cook County,4192,686,0.1600600801139408,14.553638409602401,0.0,0.0,0.0,0.0,64175.0,0.18566585442775624,0.0,0.0,0.0,0.0,0.7746946262558886,False,False
17031720700,Illinois,Cook County,3149,687,0.15994709041986754,5.45930042497548,22.173199514693103,0.82918504526896,1.0209919794070301,1.1522649792703499,100395.0,0.0672596247177771,0.22173199299806642,0.009457602705114844,0.018954383425739955,0.018582769914429666,0.6236961687580773,False,False
17031190300,Illinois,Cook County,5794,688,0.15979992734525866,16.7299006323397,0.0,0.0,0.0,0.0,71346.0,0.2140002978023229,0.0,0.0,0.0,0.0,0.7447992662692291,False,False
17031020400,Illinois,Cook County,4168,689,0.15976042605246904,17.939021507917698,0.0,0.0,0.0,0.0,75179.0,0.22974277893540043,0.0,0.0,0.0,0.0,0.7288197773794138,False,False
17031807000,Illinois,Cook County,5736,690,0.15971573395376196,14.9764330241752,0.0,0.0,0.0,0.0,65991.0,0.19117054496574515,0.0,0.0,0.0,0.0,0.7671238587568266,False,False
17031600900,Illinois,Cook County,3699,691,0.1596356501571425,11.195114858970602,0.0,0.0,0.0,0.0,54297.0,0.1419386351738968,0.0,0.0,0.0,0.0,0.8158752657689582,False,False
17031620300,Illinois,Cook County,6399,692,0.15934510152523587,12.3420170234718,0.0,0.0,0.0,0.0,58297.0,0.15687104271959812,0.0,0.0,0.0,0.0,0.7991995664318172,False,False
17031730300,Illinois,Cook County,1166,693,0.15930455931335397,15.3034300791557,0.0,0.0,0.0,0.0,67604.0,0.1954279728809994,0.0,0.0,0.0,0.0,0.7603993829991245,False,False
17031817101,Illinois,Cook County,4542,694,0.15925341868311946,11.2440684959769,0.0,0.0,0.0,0.0,55000.0,0.14257600048826108,0.0,0.0,0.0,0.0,0.8129445116104557,False,False
17031640800,Illinois,Cook County,1716,695,0.15924473994806126,12.478920741989901,0.0,0.0,0.0,0.0,58869.0,0.15865349826176142,0.0,0.0,0.0,0.0,0.7968149414266061,False,False
17031630300,Illinois,Cook County,5521,696,0.15907089294374857,10.2304147465438,0.0,0.0,0.0,0.0,52097.0,0.12937845725810576,0.0,0.0,0.0,0.0,0.8250469004043857,False,False
17031826401,Illinois,Cook County,4072,697,0.1590550847104422,12.4868559411146,0.878765874620973,0.425047013169422,0.127684557531587,0.21142284246440401,63824.0,0.15875681276491072,0.008787658661046157,0.004848044238723795,0.0023704222068475418,0.0034096515184021147,0.7761579188727228,False,False
17031825501,Illinois,Cook County,5583,698,0.15895928950565205,10.8997527106715,2.02590603090388,1.10092658440117,0.899048426504319,0.48206643551173,68088.0,0.13809308660969627,0.020259060112702777,0.012557059853133271,0.01669054109922395,0.007774365979825485,0.7583816233793305,False,False
17031816402,Illinois,Cook County,4404,699,0.1587983339307231,8.84834663625998,0.0,0.0,0.0,0.0,48173.0,0.11138424213021747,0.0,0.0,0.0,0.0,0.841405761454121,False,False
17031823302,Illinois,Cook County,5794,700,0.15877356527824268,10.207175341081399,0.800540062901395,0.176996636645811,0.019325541486693198,0.10704432382654,55357.0,0.1290758854396671,0.008005400551431452,0.002018806150796742,0.0003587723808188666,0.0017263217021261073,0.8114562054446158,False,False
17031150700,Illinois,Cook County,4608,701,0.15869459288367432,17.9364700262718,0.0,0.0,0.0,0.0,76705.0,0.22970955921975145,0.0,0.0,0.0,0.0,0.7224579980822945,False,False
17031240700,Illinois,Cook County,1535,702,0.15862064567036246,23.1735159817352,0.0,0.0,0.0,0.0,93167.0,0.2978947165618837,0.0,0.0,0.0,0.0,0.653829157460291,False,False
17031805801,Illinois,Cook County,2400,703,0.15856654220470548,4.09287682014955,36.3944156523794,2.75003330452212,1.15311660710044,1.20665196713639,138281.0,0.049469097522982716,0.36394415299671296,0.03136660817558276,0.021407234088424393,0.019459877958183183,0.4657522824863468,False,False
17031813500,Illinois,Cook County,6994,704,0.15853486296570235,11.4409400123686,0.0,0.0,0.0,0.0,56649.0,0.1451392232354948,0.0,0.0,0.0,0.0,0.8060699545587193,False,False
17031831800,Illinois,Cook County,6322,705,0.158498468758657,16.516620498615,0.0,0.0,0.0,0.0,72553.0,0.21122343855769504,0.0,0.0,0.0,0.0,0.7397673739942469,False,False
17031817102,Illinois,Cook County,3189,706,0.15826170062267997,13.8433515482696,0.0,0.0,0.0,0.0,64545.0,0.17641807966887676,0.0,0.0,0.0,0.0,0.773152124067203,False,False
17031838300,Illinois,Cook County,1631,707,0.158171203489477,19.1505791505792,0.0,0.0,0.0,0.0,81250.0,0.24551698622639367,0.0,0.0,0.0,0.0,0.7035102347104683,False,False
17031440700,Illinois,Cook County,1545,708,0.158146366091535,10.0,0.0,0.0,0.0,0.0,52708.0,0.1263785092185728,0.0,0.0,0.0,0.0,0.8224996873306374,False,False
17031030102,Illinois,Cook County,3204,709,0.1581442848778916,16.2131519274376,0.0,0.0,0.0,0.0,72115.0,0.20727234619568574,0.0,0.0,0.0,0.0,0.7415933630716638,False,False
17031020100,Illinois,Cook County,3965,710,0.15811001691248439,14.233576642335798,0.0,0.0,0.0,0.0,65982.0,0.1814987223945711,0.0,0.0,0.0,0.0,0.7671613790803352,False,False
17031804715,Illinois,Cook County,3292,711,0.15808574325855912,11.5865084322299,0.0,0.0,0.0,0.0,57750.0,0.1470344912351834,0.0,0.0,0.0,0.0,0.8014799683161713,False,False
17031834200,Illinois,Cook County,4944,712,0.15805371633724297,18.004236290892,0.0,0.0,0.0,0.0,77839.0,0.23059186070324264,0.0,0.0,0.0,0.0,0.7177304373202151,False,False
17031814700,Illinois,Cook County,5646,713,0.15802761767425008,16.954762780434,0.0,0.0,0.0,0.0,74599.0,0.21692795226220113,0.0,0.0,0.0,0.0,0.7312377537832992,False,False
17031823101,Illinois,Cook County,4412,714,0.1578429049630126,12.7137713771377,0.0,0.0,0.0,0.0,61620.0,0.16171120057058821,0.0,0.0,0.0,0.0,0.7853462292074874,False,False
17031220702,Illinois,Cook County,4060,715,0.1576922206103902,13.806654440660198,0.0,0.0,0.0,0.0,65250.0,0.1759402916033094,0.0,0.0,0.0,0.0,0.7702130320590319,False,False
17031160400,Illinois,Cook County,4768,716,0.157607642477749,14.8243359040274,0.0,0.0,0.0,0.0,68550.0,0.18919027476060327,0.0,0.0,0.0,0.0,0.7564555801058908,False,False
17031842600,Illinois,Cook County,4133,717,0.15736461982921865,11.817738791423,0.0,0.0,0.0,0.0,59510.0,0.15004505836748272,0.0,0.0,0.0,0.0,0.7941426606078292,False,False
17031820502,Illinois,Cook County,5150,718,0.15707920611244838,13.3502860775588,0.0,0.0,0.0,0.0,64707.0,0.1699984784306414,0.0,0.0,0.0,0.0,0.7724767582440488,False,False
17031410800,Illinois,Cook County,2662,719,0.15705692689537962,21.5339233038348,0.0,0.0,0.0,0.0,90297.0,0.27654758963758796,0.0,0.0,0.0,0.0,0.6657939717346897,False,False
17031640100,Illinois,Cook County,1211,720,0.15704546922413376,9.98641304347826,0.0,0.0,0.0,0.0,54250.0,0.12620161010863293,0.0,0.0,0.0,0.0,0.8160712052361696,False,False
17031831500,Illinois,Cook County,4079,721,0.15689912660290503,11.747311827956999,0.0,0.0,0.0,0.0,59960.0,0.14912811518502922,0.0,0.0,0.0,0.0,0.7922666444324009,False,False
17031140701,Illinois,Cook County,2933,722,0.15682158038751653,13.458904109589001,0.0,0.0,0.0,0.0,65417.0,0.17141266071339292,0.0,0.0,0.0,0.0,0.7695168216117063,False,False
17031220701,Illinois,Cook County,3437,723,0.15676454682396823,13.499222395023299,0.0,0.0,0.0,0.0,65625.0,0.1719375956976343,0.0,0.0,0.0,0.0,0.768649685246175,False,False
17031811100,Illinois,Cook County,6520,724,0.15669637437622455,11.1639708214399,0.0,0.0,0.0,0.0,58430.0,0.14153314682849,0.0,0.0,0.0,0.0,0.7986450994288573,False,False
17031190602,Illinois,Cook County,5516,725,0.15667875877873216,11.1382419233659,0.0,0.0,0.0,0.0,58375.0,0.1411981623776499,0.0,0.0,0.0,0.0,0.798874390294743,False,False
17031020302,Illinois,Cook County,4650,726,0.15650580046808063,22.825866612609,0.0,0.0,0.0,0.0,95125.0,0.29336840017372334,0.0,0.0,0.0,0.0,0.6456664026347605,False,False
17031160502,Illinois,Cook County,3550,727,0.1564576397207777,11.7398202009519,0.0,0.0,0.0,0.0,60572.0,0.14903057589084787,0.0,0.0,0.0,0.0,0.7897152624338183,False,False
17031810600,Illinois,Cook County,4717,728,0.1564273844848086,13.4027620556939,0.0,0.0,0.0,0.0,65809.0,0.17068170383218503,0.0,0.0,0.0,0.0,0.7678826030766666,False,False
17031809300,Illinois,Cook County,4816,729,0.15616650577919092,43.4091464905845,0.0,0.0,0.0,0.0,159896.0,0.5613580624818741,0.0,0.0,0.0,0.0,0.3756409721932713,False,False
17031190200,Illinois,Cook County,5853,730,0.15597199865607295,11.8864893806889,0.0,0.0,0.0,0.0,61729.0,0.15094017553588743,0.0,0.0,0.0,0.0,0.7848918164005503,False,False
17031824602,Illinois,Cook County,6545,731,0.1559004045023547,13.764798737174399,0.388246584339302,0.0384912698481992,0.0115708606706938,0.034581809948495,68920.0,0.1753953397827382,0.0038824658057669955,0.0004390276210559892,0.0002148092581937032,0.0005577066291681868,0.7549130779172052,False,False
17031490400,Illinois,Cook County,1059,732,0.15578082621319608,5.5627425614489,4.87629801907328,0.9777829015840331,1.0206381736088102,0.792137099411881,64236.0,0.06860641800758743,0.0487629797181576,0.0111524951731813,0.018947815136377284,0.012774927402875606,0.7744403218409972,False,False
17031819100,Illinois,Cook County,4552,733,0.15551816621921968,8.80257412089175,5.29109243637439,1.18941039351095,0.593630267087907,0.6143784375883831,73717.0,0.11078829430221113,0.05291092385096985,0.013566297437880202,0.011020552484695778,0.00990818375242231,0.7349147454871389,False,False
17031730100,Illinois,Cook County,2424,734,0.1554926519418434,12.2448979591837,0.41275190300132997,0.144854768274641,0.0736813546261854,0.170687996368441,65913.0,0.15560657440373457,0.004127518990012399,0.0016521991756841842,0.0013678703408852853,0.0027527138468429924,0.7674490348939009,False,False
17031814900,Illinois,Cook County,6181,735,0.15540889454258872,13.934667451442001,0.0,0.0,0.0,0.0,68936.0,0.17760699213567563,0.0,0.0,0.0,0.0,0.7548463751198566,False,False
17031818402,Illinois,Cook County,3051,736,0.15532338904053192,7.680101555061889,12.6487325000727,1.80696178711983,0.480235925037522,0.304128321774546,88125.0,0.09617395462213021,0.1264873237749042,0.02061002762098825,0.00891542347204596,0.004904728278365931,0.6748488764747571,False,False
17031210900,Illinois,Cook County,3068,737,0.15532138600158865,15.961227786752799,0.0,0.0,0.0,0.0,75391.0,0.20399235069498659,0.0,0.0,0.0,0.0,0.7279359653145454,False,False
17031823705,Illinois,Cook County,4618,738,0.1552119543488188,11.8932548854801,0.0,0.0,0.0,0.0,62844.0,0.1510282608825905,0.0,0.0,0.0,0.0,0.7802434652103223,False,False
17031140500,Illinois,Cook County,3679,739,0.15487447298634585,12.828330206378999,0.0,0.0,0.0,0.0,66250.0,0.1632027306933284,0.0,0.0,0.0,0.0,0.7660441072247468,False,False
17031310800,Illinois,Cook County,4516,740,0.15462786903365935,10.7134392036027,0.0,0.0,0.0,0.0,60000.0,0.13566732676292662,0.0,0.0,0.0,0.0,0.7920998874390295,False,False
17031210601,Illinois,Cook County,3104,741,0.15459156214657555,12.357902456912399,0.0,0.0,0.0,0.0,65188.0,0.15707786748069558,0.0,0.0,0.0,0.0,0.7704715053987576,False,False
17031310200,Illinois,Cook County,1336,742,0.15451188804198915,13.861985472155,0.0,0.0,0.0,0.0,70000.0,0.17666068915575778,0.0,0.0,0.0,0.0,0.7504106390961771,False,False
17031815000,Illinois,Cook County,4131,743,0.15421275828054926,11.9047619047619,0.0,0.0,0.0,0.0,64318.0,0.1511780796787097,0.0,0.0,0.0,0.0,0.7740984700045859,False,False
17031161300,Illinois,Cook County,4117,744,0.15411270081833198,8.139534883720929,0.0,0.0,0.0,0.0,52703.0,0.10215567295518316,0.0,0.0,0.0,0.0,0.8225205319548088,False,False
17031410100,Illinois,Cook County,1802,745,0.15399229140370807,21.09375,0.0,0.0,0.0,0.0,93333.0,0.2708166324844487,0.0,0.0,0.0,0.0,0.6531371159377997,False,False
17031220601,Illinois,Cook County,1766,746,0.15342744647778245,12.3263888888889,0.0,0.0,0.0,0.0,66765.0,0.15666756793160483,0.0,0.0,0.0,0.0,0.7638971109350898,False,False
17031570400,Illinois,Cook County,1615,747,0.1534149829648532,8.7536231884058,0.0,0.0,0.0,0.0,55625.0,0.11015096420009189,0.0,0.0,0.0,0.0,0.8103389335890274,False,False
17031815900,Illinois,Cook County,4392,748,0.15332581107886706,13.6429608127721,0.0,0.0,0.0,0.0,71023.0,0.17380903748249907,0.0,0.0,0.0,0.0,0.7461458289907033,False,False
17031020200,Illinois,Cook County,6676,749,0.1528950932715463,13.5331651580353,0.0,0.0,0.0,0.0,71300.0,0.17237952281767144,0.0,0.0,0.0,0.0,0.7449910368116063,False,False
17031829600,Illinois,Cook County,3062,750,0.1527993167451959,17.301642782244002,0.0,0.0,0.0,0.0,83207.0,0.22144425166140344,0.0,0.0,0.0,0.0,0.695351648809772,False,False
17031460500,Illinois,Cook County,5789,751,0.15275359786442802,7.87695590327169,0.0,0.0,0.0,0.0,53839.0,0.0987369538435072,0.0,0.0,0.0,0.0,0.8177846333430608,False,False
17031830008,Illinois,Cook County,4537,752,0.1527477935188736,4.7791619479048695,12.3424413175731,2.15263103970439,1.4073439628278501,1.45767325425839,91574.0,0.0584043751232766,0.1234244119795917,0.024552696964787547,0.02612688211207285,0.023508140212205625,0.6604702547213074,False,False
17031802609,Illinois,Cook County,6699,753,0.15267517073288742,8.06015037593985,0.0,0.0,0.0,0.0,54524.0,0.10112210456574908,0.0,0.0,0.0,0.0,0.8149289198315754,False,False
17031805107,Illinois,Cook County,6460,754,0.1524704913542416,8.54474708171206,0.0,0.0,0.0,0.0,56332.0,0.10743144439426189,0.0,0.0,0.0,0.0,0.8073915037311877,False,False
17031822302,Illinois,Cook County,4484,755,0.15230585326806456,14.686508904610902,0.0,0.0,0.0,0.0,75750.0,0.18739579830935044,0.0,0.0,0.0,0.0,0.726439321299037,False,False
17031823500,Illinois,Cook County,4545,756,0.15227009841434222,10.4741379310345,0.0,0.0,0.0,0.0,62646.0,0.13255167815854246,0.0,0.0,0.0,0.0,0.7810689123275107,False,False
17031815100,Illinois,Cook County,4435,757,0.15225878002937906,11.6402116402116,0.0,0.0,0.0,0.0,66304.0,0.14773369489257912,0.0,0.0,0.0,0.0,0.7658189852836953,False,False
17031020301,Illinois,Cook County,4750,758,0.15223820893072568,13.602199816681901,0.0,0.0,0.0,0.0,72461.0,0.17327833850535285,0.0,0.0,0.0,0.0,0.7401509150790011,False,False
17031801000,Illinois,Cook County,4908,759,0.1521967487418181,5.67484662576687,34.5802446531273,3.7262194569259797,1.9182659307261902,0.8213447463081249,152625.0,0.07006598764459608,0.3458024431800082,0.042500890985369466,0.03561198197133239,0.013245964006243087,0.40595322466335937,False,False
17031711100,Illinois,Cook County,2835,760,0.1521671325160908,7.489177489177489,0.0,0.0,0.0,0.0,53472.0,0.09368816633930131,0.0,0.0,0.0,0.0,0.8193146287572435,False,False
17031802605,Illinois,Cook County,6799,761,0.1520646877963059,3.43207063514668,23.3971883767071,2.65535309544765,2.2375455065957,1.29933626617739,119327.0,0.04086555001160941,0.2339718814995863,0.030286695065026,0.04153930326581801,0.0209546131404064,0.5447700837953892,False,False
17031801400,Illinois,Cook County,2919,762,0.15204982692799682,3.42801175318315,36.1863620418439,2.83253713521778,0.868505570951103,0.0,139375.0,0.04081270428375634,0.36186361691152097,0.03230763871734381,0.016123522937720985,0.0,0.46119147871763877,False,False
17031820201,Illinois,Cook County,7827,763,0.15195878506598667,1.51574545929701,39.7648946693082,1.16346613208316,0.372397673428052,1.34937232500691,140562.0,0.015915428369524812,0.3976489428393587,0.013270379755257163,0.006913441468079163,0.021761553024357935,0.45624296493934213,False,False
17031831100,Illinois,Cook County,7453,764,0.15190201974147396,10.2222222222222,0.0,0.0,0.0,0.0,62389.0,0.1292717924389218,0.0,0.0,0.0,0.0,0.782140326009922,False,False
17031803603,Illinois,Cook County,6751,765,0.1518033557649402,2.31434012011132,46.474629736707904,2.75000482604508,1.04054891995784,1.39217882525692,166856.0,0.02631295076350049,0.4647462928630972,0.031366283352887235,0.019317451654786905,0.022451900608723145,0.3466252553466461,False,False
17031520500,Illinois,Cook County,4301,766,0.15150968953719499,11.4112350753572,0.0,0.0,0.0,0.0,66667.0,0.14475247165432,0.0,0.0,0.0,0.0,0.7643056655688498,False,False
17031161200,Illinois,Cook County,2930,767,0.1513984544048452,11.7647058823529,0.0,0.0,0.0,0.0,67931.0,0.14935458185075798,0.0,0.0,0.0,0.0,0.7590361445783133,False,False
17031831600,Illinois,Cook County,7270,768,0.15134326483467045,8.73708227083613,0.0,0.0,0.0,0.0,58555.0,0.10993560518345111,0.0,0.0,0.0,0.0,0.7981239838245716,False,False
17031031700,Illinois,Cook County,6570,769,0.15118850663094732,23.9895497156908,0.0,0.0,0.0,0.0,106412.0,0.30851929175550097,0.0,0.0,0.0,0.0,0.598611748030183,False,False
17031151002,Illinois,Cook County,4567,770,0.15090139399739105,10.083857442348,0.0,0.0,0.0,0.0,63397.0,0.12747031420738375,0.0,0.0,0.0,0.0,0.7779380497769626,False,False
17031835200,Illinois,Cook County,2060,771,0.1508969814287742,9.55445544554455,0.0,0.0,0.0,0.0,61750.0,0.12057761959361495,0.0,0.0,0.0,0.0,0.7848042689790303,False,False
17031820103,Illinois,Cook County,4016,772,0.15071080618415147,6.106673537748001,4.9914789567905595,1.6358212912937602,0.251422314858827,0.280602665953949,69904.0,0.07568827665798228,0.049914789084167896,0.01865801603381072,0.004667573353895545,0.0045253260947839494,0.7508108558802684,False,False
17031803611,Illinois,Cook County,6112,773,0.1505971268663676,11.2286002014099,0.0,0.0,0.0,0.0,67410.0,0.14237460678122954,0.0,0.0,0.0,0.0,0.7612081544169759,False,False
17031823304,Illinois,Cook County,5927,774,0.15053221132840047,10.4884822741382,0.0,0.0,0.0,0.0,65192.0,0.13273843827098236,0.0,0.0,0.0,0.0,0.7704548296994205,False,False
17031160300,Illinois,Cook County,3785,775,0.15027911892879772,12.0996441281139,0.0,0.0,0.0,0.0,70588.0,0.15371540227916888,0.0,0.0,0.0,0.0,0.7479593112936174,False,False
17031500100,Illinois,Cook County,3644,776,0.1502549855032395,10.7231920199501,0.0,0.0,0.0,0.0,66324.0,0.13579430623242747,0.0,0.0,0.0,0.0,0.7657356067870096,False,False
17031650500,Illinois,Cook County,4421,777,0.15013559242728397,11.5961199294533,0.300977480136662,0.146617651826457,0.13046534352657999,0.05219168966657,71128.0,0.1471596307615584,0.00300977477219808,0.0016723064513081067,0.0024220465927752713,0.0008417041027605788,0.7457080918831034,False,False
17031821102,Illinois,Cook County,4047,778,0.1500246812527005,10.3807046583117,0.976571802271717,0.223995228593721,0.057107287144790096,0.176688006303443,69479.0,0.13133519801768206,0.00976571792807496,0.002554867447221792,0.0010601781784562456,0.002849477009928134,0.7525826489348397,False,False
17031730202,Illinois,Cook County,3115,779,0.1499852831124984,11.9331742243437,0.0,0.0,0.0,0.0,70491.0,0.15154800167244722,0.0,0.0,0.0,0.0,0.7483636970025431,False,False
17031828701,Illinois,Cook County,4071,780,0.14990943089203132,10.4728893290418,4.93561110858014,0.6735713732319271,0.503624739580294,0.498597734382573,83893.0,0.13253542164216778,0.04935611060747801,0.0076826885360671915,0.009349629193206173,0.00804096899981666,0.6924917663734522,False,False
17031200100,Illinois,Cook County,4354,781,0.14957165298580413,7.94243070362473,0.0,0.0,0.0,0.0,58623.0,0.09958942097898446,0.0,0.0,0.0,0.0,0.7978404969358402,False,False
17031620200,Illinois,Cook County,2223,782,0.14953013988802819,7.48878923766816,0.0,0.0,0.0,0.0,57266.0,0.09368311139220384,0.0,0.0,0.0,0.0,0.8034977279359653,False,False
17031816900,Illinois,Cook County,5885,783,0.14946919329934316,9.57337883959044,0.0,0.0,0.0,0.0,63864.0,0.12082399791670759,0.0,0.0,0.0,0.0,0.7759911618793514,False,False
17031830202,Illinois,Cook County,3569,784,0.14929953162871648,22.3239839725243,0.0,0.0,0.0,0.0,103929.0,0.2868340013785858,0.0,0.0,0.0,0.0,0.6089631883937132,False,False
17031806001,Illinois,Cook County,5812,785,0.14928714026437956,8.42898134863702,0.0,0.0,0.0,0.0,60552.0,0.10592420065577335,0.0,0.0,0.0,0.0,0.789798640930504,False,False
17031760802,Illinois,Cook County,2276,786,0.1492721217726369,12.9323899371069,0.0,0.0,0.0,0.0,74638.0,0.16455756492105936,0.0,0.0,0.0,0.0,0.7310751657147622,False,False
17031821600,Illinois,Cook County,4393,787,0.14926235768150445,12.556458897922301,0.0,0.0,0.0,0.0,73478.0,0.15966302756649361,0.0,0.0,0.0,0.0,0.7359111185225331,False,False
17031760801,Illinois,Cook County,4047,788,0.1492103261978768,10.7957189390414,0.0,0.0,0.0,0.0,68054.0,0.13673859036356467,0.0,0.0,0.0,0.0,0.7585233668236961,False,False
17031190402,Illinois,Cook County,5458,789,0.14906122351006384,7.322325915290739,0.0,0.0,0.0,0.0,57421.0,0.09151579647373198,0.0,0.0,0.0,0.0,0.8028515445866511,False,False
17031560700,Illinois,Cook County,3484,790,0.14903205295770697,12.2437971952535,0.0,0.0,0.0,0.0,72833.0,0.1555922427055949,0.0,0.0,0.0,0.0,0.738600075040647,False,False
17031816300,Illinois,Cook County,4800,791,0.14895118952220265,11.028838659392,0.0,0.0,0.0,0.0,69155.0,0.13977375655206778,0.0,0.0,0.0,0.0,0.7539333805811481,False,False
17031804310,Illinois,Cook County,9088,792,0.14894662073659948,3.7960835794770804,17.5759258800775,3.9691536593392396,0.42114729775070303,1.00133193483652,105341.0,0.045604916458804344,0.17575925709744458,0.04527177449685792,0.00781846235943715,0.016148647479350273,0.6030766665277025,False,False
17031804609,Illinois,Cook County,5672,793,0.1488490835114649,3.20157395814702,18.2206909272068,1.95325555723838,1.1747266773676202,0.33757379120753,100444.0,0.03786453525601714,0.18220690750625165,0.0222786399095346,0.02180841800168021,0.005444108954108407,0.6234918914411973,False,False
17031817900,Illinois,Cook County,5632,794,0.1486929409353597,8.85333333333333,0.594737516208128,0.103599434210496,0.111630244417139,0.143573461150441,65495.0,0.11144916780157028,0.005947375104443662,0.0011816449112631298,0.0020723791148882266,0.002315433205360808,0.7691916454746321,False,False
17031821402,Illinois,Cook County,3587,795,0.14853481029449503,12.2122122122122,0.0,0.0,0.0,0.0,73450.0,0.15518101334907708,0.0,0.0,0.0,0.0,0.736027848417893,False,False
17031805002,Illinois,Cook County,6941,796,0.1482148771834322,7.11673270344407,0.0,0.0,0.0,0.0,57997.0,0.08883901921849037,0.0,0.0,0.0,0.0,0.8004502438821028,False,False
17031811301,Illinois,Cook County,4845,797,0.14810337226321213,10.9087012430347,0.0,0.0,0.0,0.0,70000.0,0.13820959448309567,0.0,0.0,0.0,0.0,0.7504106390961771,False,False
17031806202,Illinois,Cook County,4550,798,0.14800032843583186,10.578158458244099,0.0,0.0,0.0,0.0,69116.0,0.13390600196530586,0.0,0.0,0.0,0.0,0.7540959686496853,False,False
17031840200,Illinois,Cook County,2338,799,0.14798272104549517,12.9712201053912,0.0,0.0,0.0,0.0,76615.0,0.16506312495559075,0.0,0.0,0.0,0.0,0.7228332013173803,False,False
17031827802,Illinois,Cook County,3385,800,0.14794088856508616,10.8338226658837,0.0,0.0,0.0,0.0,70000.0,0.13723469229433988,0.0,0.0,0.0,0.0,0.7504106390961771,False,False
17031804804,Illinois,Cook County,6537,801,0.14780696560723947,7.556098305602201,9.027634723135069,1.47171309814757,0.159808631767379,0.5912025134658191,88636.0,0.09455946027794293,0.09027634635645825,0.01678621419622756,0.0029667951779807403,0.009534421750389927,0.6727185558844374,False,False
17031824119,Illinois,Cook County,5675,802,0.147607904687188,3.1507089095046403,26.1661402248749,3.92902332830801,0.788496180494844,0.36604348034674,124926.0,0.03720228379319052,0.26166139971291774,0.04481405190588306,0.014638174673527531,0.005903244389383273,0.5214282736482261,False,False
17031810200,Illinois,Cook County,5739,803,0.14755357983105488,8.68258737940851,0.0,0.0,0.0,0.0,63839.0,0.10922609398612079,0.0,0.0,0.0,0.0,0.7760953850002085,False,False
17031808702,Illinois,Cook County,5504,804,0.14719723589752987,24.5109321058688,5.3832120673601,3.20159446361453,0.064173424115745,0.0019508844581983401,135750.0,0.3153075728994953,0.053832120151899386,0.03651707014317879,0.0011913587089478388,3.1462239735249926e-05,0.47630383124192266,False,False
17031070103,Illinois,Cook County,1709,805,0.14710987276049264,10.1172115977791,0.0,0.0,0.0,0.0,68958.0,0.1279045777894535,0.0,0.0,0.0,0.0,0.7547546587735023,False,False
17031170400,Illinois,Cook County,3870,806,0.1471035994715288,11.9436201780415,0.0,0.0,0.0,0.0,74671.0,0.151684005633942,0.0,0.0,0.0,0.0,0.7309375911952307,False,False
17031815400,Illinois,Cook County,5502,807,0.1470870934313295,13.157894736842099,0.0,0.0,0.0,0.0,78487.0,0.16749358656037874,0.0,0.0,0.0,0.0,0.7150289740275984,False,False
17031802503,Illinois,Cook County,6200,808,0.1470669461457398,12.536668210591301,5.23056688616353,1.032802789442,0.278460344107306,0.47561302564787905,95028.0,0.15940535728041078,0.05230566835472694,0.011780046578274282,0.005169525557035951,0.007670290760304892,0.6460707883436861,False,False
17031807300,Illinois,Cook County,7191,809,0.14668441954036412,12.2060901965823,0.0,0.0,0.0,0.0,76094.0,0.1551013060861419,0.0,0.0,0.0,0.0,0.7250052111560429,False,False
17031283800,Illinois,Cook County,3688,810,0.14665397944732908,21.7753120665742,0.0,0.0,0.0,0.0,106023.0,0.2796904168932545,0.0,0.0,0.0,0.0,0.60023345979072,False,False
17031283200,Illinois,Cook County,1664,811,0.14634563709922682,21.105527638191,0.0,0.0,0.0,0.0,104375.0,0.27096997467773887,0.0,0.0,0.0,0.0,0.6071038479176221,False,False
17031811200,Illinois,Cook County,5270,812,0.14625399828843347,9.58958958958959,0.0,0.0,0.0,0.0,68542.0,0.12103505822603577,0.0,0.0,0.0,0.0,0.756488931504565,False,False
17031805111,Illinois,Cook County,7027,813,0.1462075033804668,7.957559681697609,0.0,0.0,0.0,0.0,63512.0,0.09978639686178128,0.0,0.0,0.0,0.0,0.7774586234210197,False,False
17031805105,Illinois,Cook County,7356,814,0.14598159742973663,8.09352517985611,0.00844451478799443,0.00137658176975058,0.00033214615186585503,0.00122607112067138,64292.0,0.10155663698643921,8.444514706156358e-05,1.57011556632475e-05,6.166185085514414e-06,1.9773053893029533e-05,0.7742068620502772,False,False
17031820101,Illinois,Cook County,6937,815,0.14595450302995128,3.44005956813105,27.8707892589939,3.5366698369146596,0.534913434195712,1.05688733572192,132768.0,0.04096956411749418,0.27870788988890555,0.040338906746506274,0.009930493613880619,0.017044598715159783,0.4887355650977613,False,False
17031809400,Illinois,Cook County,5804,816,0.14581913091205204,27.752945956928098,0.0,0.0,0.0,0.0,125893.0,0.35751786213883996,0.0,0.0,0.0,0.0,0.5173969233334723,False,False
17031410900,Illinois,Cook County,2838,817,0.1456858419252479,21.155609905227802,0.0,0.0,0.0,0.0,105481.0,0.2716220345005847,0.0,0.0,0.0,0.0,0.6024930170509026,False,False
17031822000,Illinois,Cook County,4349,818,0.14548531942623755,8.10120705663881,0.0,0.0,0.0,0.0,65000.0,0.101656653289822,0.0,0.0,0.0,0.0,0.7712552632676033,False,False
17031804108,Illinois,Cook County,3879,819,0.14530393816709358,8.275507581598559,7.564819101882859,1.77920447947224,0.190922292073568,0.579276892344157,91910.0,0.10392600681856054,0.07564819028570155,0.020293430512306195,0.0035444101437361424,0.00934209526526943,0.6590694959769876,False,False
17031803702,Illinois,Cook County,6255,820,0.14529303834671398,4.382929642445211,21.8870530256571,2.90024946975469,0.758445038159792,0.629156154916996,119911.0,0.053245519859916206,0.21887052813543761,0.033079958915277666,0.014080285007703836,0.010146506469781979,0.5423354316921666,False,False
17031804711,Illinois,Cook County,7442,821,0.14528552836181138,10.2361231301768,0.0,0.0,0.0,0.0,71955.0,0.12945277912571881,0.0,0.0,0.0,0.0,0.7422603910451495,False,False
17031802607,Illinois,Cook County,1444,822,0.14519867895978408,2.51107828655835,24.171384150508,2.53496055318419,0.0,0.259886043218372,113875.0,0.02887443732452616,0.24171383916256592,0.028913509622424078,0.0,0.004191225657276037,0.5674990619919122,False,False
17031160800,Illinois,Cook County,5148,823,0.14512168222681146,7.4760643715624395,0.0,0.0,0.0,0.0,63571.0,0.0935174365050719,0.0,0.0,0.0,0.0,0.7772126568557969,False,False
17031610800,Illinois,Cook County,1393,824,0.14511157779368075,7.620941020543411,0.0,0.0,0.0,0.0,64038.0,0.09540369780389876,0.0,0.0,0.0,0.0,0.7752657689581857,False,False
17031802702,Illinois,Cook County,4498,825,0.14480290466070195,7.216035634743879,17.9914539259982,1.63721337462264,0.156017741465021,0.754860866166691,114468.0,0.09013192099036595,0.17991453751638165,0.018673893998725887,0.002896418534711178,0.012173767358845962,0.5650268895651811,False,False
17031210100,Illinois,Cook County,4028,826,0.14470433314580125,13.599348534201999,0.0,0.0,0.0,0.0,83295.0,0.17324121545045273,0.0,0.0,0.0,0.0,0.6949847834243549,False,False
17031824123,Illinois,Cook County,7756,827,0.14462798208838143,11.9235240924945,0.127041907793717,0.0497524847976322,0.0138189492596162,0.00734431080705829,78702.0,0.1514223591319567,0.0012704190656251957,0.0005674719261918723,0.00025654429034764186,0.00011844292794010398,0.714132655188227,False,False
17031808100,Illinois,Cook County,3931,828,0.1442825557150331,9.76430976430976,0.0,0.0,0.0,0.0,71925.0,0.12330987550002043,0.0,0.0,0.0,0.0,0.742385458790178,False,False
17031806103,Illinois,Cook County,5238,829,0.14416468065495583,3.6147052782912303,15.5966184302203,3.08659807624208,0.42355635793421303,0.717971194925577,103409.0,0.04324341187970016,0.1559661827906926,0.035205432710138325,0.007863185776794897,0.011578841464867424,0.6111310293075416,False,False
17031170100,Illinois,Cook County,1752,830,0.14395411751601514,10.3430079155673,0.0,0.0,0.0,0.0,74205.0,0.13084439492808317,0.0,0.0,0.0,0.0,0.7328803101680077,False,False
17031816800,Illinois,Cook County,5368,831,0.14372432023670836,5.756207674943569,3.99982597007126,0.74880462467404,0.0,0.44489199517931,73575.0,0.0711252901572744,0.03999825931307867,0.008540791569175702,0.0,0.0071748475671141185,0.7355067328136073,False,False
17031730400,Illinois,Cook County,3514,832,0.14370703033677815,12.9995066600888,0.0,0.0,0.0,0.0,82857.0,0.165431409518897,0.0,0.0,0.0,0.0,0.6968107725017718,False,False
17031032100,Illinois,Cook County,7052,833,0.14365021353541063,23.738429381905,0.0,0.0,0.0,0.0,116477.0,0.3052497616393616,0.0,0.0,0.0,0.0,0.5566515195731021,False,False
17031812600,Illinois,Cook County,3706,834,0.14359671003804553,15.097205346293999,0.0,0.0,0.0,0.0,89567.0,0.19274297336455537,0.0,0.0,0.0,0.0,0.6688372868637178,False,False
17031822102,Illinois,Cook County,4414,835,0.14335525640140476,11.6424116424116,0.0,0.0,0.0,0.0,79125.0,0.14776233842510408,0.0,0.0,0.0,0.0,0.7123691999833244,False,False
17031440600,Illinois,Cook County,2080,836,0.14327571685306703,9.684560044272281,0.0,0.0,0.0,0.0,73125.0,0.12227155212936647,0.0,0.0,0.0,0.0,0.7373827489890357,False,False
17031814800,Illinois,Cook County,6466,837,0.14320911899914288,8.88378954269792,0.0,0.0,0.0,0.0,70720.0,0.11184570077936536,0.0,0.0,0.0,0.0,0.7474090132154918,False,False
17031802608,Illinois,Cook County,6256,838,0.14303067027777167,6.34970284641852,5.3809932701032395,0.293423072542892,0.168710440804814,0.140574196554582,78068.0,0.07885246345171507,0.053809932179545814,0.003346754576024248,0.0031320543622656684,0.0022670635639154566,0.7167757535331638,False,False
17031560100,Illinois,Cook County,1473,839,0.14294167777766875,8.95522388059701,0.0,0.0,0.0,0.0,71328.0,0.11277575974976625,0.0,0.0,0.0,0.0,0.7448743069162462,False,False
17031650301,Illinois,Cook County,5711,840,0.1428010412385989,5.2122820318422995,0.0,0.0,0.0,0.0,59841.0,0.06404350094391263,0.0,0.0,0.0,0.0,0.7927627464876809,False,False
17031818000,Illinois,Cook County,4234,841,0.1427651019896358,10.15625,0.0,0.0,0.0,0.0,75333.0,0.1284128489828809,0.0,0.0,0.0,0.0,0.728177762954934,False,False
17031390500,Illinois,Cook County,1598,842,0.1423247825447134,19.8529411764706,0.0,0.0,0.0,0.0,106250.0,0.25466158141494327,0.0,0.0,0.0,0.0,0.5992871138533372,False,False
17031210800,Illinois,Cook County,1196,843,0.14232329213479647,5.4781801299907205,0.0,0.0,0.0,0.0,61359.0,0.06750543421954293,0.0,0.0,0.0,0.0,0.7864343185892358,False,False
17031817000,Illinois,Cook County,5459,844,0.14229448604333592,9.038971638441131,0.0,0.0,0.0,0.0,72521.0,0.11386613667107148,0.0,0.0,0.0,0.0,0.7399007795889441,False,False
17031829301,Illinois,Cook County,3982,845,0.14210090529890795,12.171442102770499,4.2116374626852995,1.2879551949175,0.0791287760347211,0.573602899853625,98780.0,0.15465019571814942,0.04211637421869184,0.014690289706765473,0.0014689999443900424,0.00925058984000299,0.630428982365448,False,False
17031806801,Illinois,Cook County,4225,846,0.14198666891284142,14.235548352242,0.031535992255577704,0.0154012984778049,0.0111276969293237,0.00373852119440908,89375.0,0.18152439361291264,0.00031535991949953893,0.0001756656888315222,0.00020658206773213584,6.029175617219105e-05,0.6696377204319006,False,False
17031825504,Illinois,Cook County,3734,847,0.14179814646752562,2.27272727272727,0.0,0.0,0.0,0.0,52104.0,0.025771160874607957,0.0,0.0,0.0,0.0,0.8250177179305457,False,False
17031820800,Illinois,Cook County,3626,848,0.14156963431727518,9.17569952104865,0.0354733147544882,0.00938640992679585,0.0,0.0,74102.0,0.11564630286933149,0.0003547331441070673,0.00010706046427331102,0.0,0.0,0.7333097094259391,False,False
17031130100,Illinois,Cook County,5133,849,0.14155112014431784,13.146853146853099,0.0,0.0,0.0,0.0,86420.0,0.16734982754869357,0.0,0.0,0.0,0.0,0.6819568933172135,False,False
17031820700,Illinois,Cook County,6786,850,0.14149354262481828,5.9500672746299905,1.13015167350364,0.09297495177430129,0.10161846282121399,0.514755700896141,69436.0,0.073649298428218,0.011301516625510351,0.0010604631142658054,0.001886513651719611,0.008301551226481943,0.752761912702714,False,False
17031140800,Illinois,Cook County,6825,851,0.1414070666741439,14.760554505356,0.0,0.0,0.0,0.0,91667.0,0.1883598553331446,0.0,0.0,0.0,0.0,0.6600825447117189,False,False
17031140302,Illinois,Cook County,4345,852,0.1412499046859436,12.920307122054501,0.0,0.0,0.0,0.0,86146.0,0.16440024939385378,0.0,0.0,0.0,0.0,0.6830991787218077,False,False
17031700301,Illinois,Cook County,5728,853,0.1412004768930293,8.75510845646023,0.0,0.0,0.0,0.0,73209.0,0.1101703020552201,0.0,0.0,0.0,0.0,0.7370325593029557,False,False
17031620400,Illinois,Cook County,5198,854,0.1410532657750749,7.5134168157424,0.0,0.0,0.0,0.0,69543.0,0.09400375690500401,0.0,0.0,0.0,0.0,0.7523158377454454,False,False
17031805110,Illinois,Cook County,4220,855,0.1407163463768019,7.06787963610917,6.63565902348378,1.47459093428336,0.152082456787265,0.488818664211918,91156.0,0.0882029632985684,0.06635658959175818,0.016819038510870014,0.0028233612569106732,0.007883260300665346,0.6622128653020386,False,False
17031815600,Illinois,Cook County,4973,856,0.14068903350933692,9.17486448504316,0.0,0.0,0.0,0.0,75256.0,0.11563543088884767,0.0,0.0,0.0,0.0,0.7284987701671739,False,False
17031242500,Illinois,Cook County,3438,857,0.14067586681673797,14.290067032297399,0.0,0.0,0.0,0.0,91250.0,0.18223421453281208,0.0,0.0,0.0,0.0,0.6618209863676158,False,False
17031825303,Illinois,Cook County,3872,858,0.14065967120906211,9.90899898887765,0.0,0.0,0.0,0.0,77591.0,0.12519369657525478,0.0,0.0,0.0,0.0,0.7187643306791178,False,False
17031170200,Illinois,Cook County,3892,859,0.14059562828367114,8.0857282026303,0.0,0.0,0.0,0.0,71989.0,0.10145512210124323,0.0,0.0,0.0,0.0,0.7421186476007837,False,False
17031820501,Illinois,Cook County,6115,860,0.14042176379776242,6.13118684706285,0.993042229046514,0.201292345003329,0.0351047686946621,0.038995060899989505,69375.0,0.07600743441730376,0.009930422194226737,0.002295920599972813,0.0006517085925562135,0.0006288798649096667,0.7530162171176054,False,False
17031243400,Illinois,Cook County,3001,861,0.14032458811816395,14.4784828592268,0.0,0.0,0.0,0.0,92344.0,0.18468734611007592,0.0,0.0,0.0,0.0,0.6572601825989077,False,False
17031825000,Illinois,Cook County,5103,862,0.1403175515302821,10.8018280016618,0.047786254855539,0.015092367147937399,0.00307959709337831,0.00378229868002691,81056.0,0.13681812898123719,0.00047786254392429505,0.00017214204860462702,5.717171660700791e-05,6.0997762999877105e-05,0.7043190061283195,False,False
17031150800,Illinois,Cook County,5280,863,0.14023152534083272,5.01308637004228,0.0,0.0,0.0,0.0,62917.0,0.061450018347576955,0.0,0.0,0.0,0.0,0.7799391336974194,False,False
17031824120,Illinois,Cook County,8680,864,0.14011560039321502,5.74739015716416,28.2902803836999,2.32151911196495,0.351093910105381,0.445921314822379,142877.0,0.07101048806421106,0.2829028010953116,0.026479017631310185,0.006517944043443526,0.007191447577042101,0.44659190394797177,False,False
17031110400,Illinois,Cook County,4352,865,0.14001522716273737,8.20153637596023,0.0,0.0,0.0,0.0,73186.0,0.10296291840227981,0.0,0.0,0.0,0.0,0.7371284445741444,False,False
17031151200,Illinois,Cook County,3884,866,0.1398946584388083,9.66532025389498,0.0,0.0,0.0,0.0,77931.0,0.12202105439738888,0.0,0.0,0.0,0.0,0.7173468962354609,False,False
17031832900,Illinois,Cook County,2212,867,0.13988319886752884,36.1386138613861,0.0,0.0,0.0,0.0,160625.0,0.46669736721609556,0.0,0.0,0.0,0.0,0.37260182598907743,False,False
17031810702,Illinois,Cook County,3918,868,0.13951668561583266,8.55263157894737,0.0,0.0,0.0,0.0,75000.0,0.10753409877024504,0.0,0.0,0.0,0.0,0.7295660149247509,False,False
17031811800,Illinois,Cook County,5399,869,0.1394481678980383,10.5223027068242,0.0,0.0,0.0,0.0,81250.0,0.1331787726777615,0.0,0.0,0.0,0.0,0.7035102347104683,False,False
17031805301,Illinois,Cook County,3496,870,0.1394386534194746,10.028653295128901,0.0,0.0,0.0,0.0,79722.0,0.12675156865959153,0.0,0.0,0.0,0.0,0.7098803518572561,False,False
17031804810,Illinois,Cook County,6949,871,0.1393639552385777,12.0287769784173,0.0,0.0,0.0,0.0,86076.0,0.1527927279712587,0.0,0.0,0.0,0.0,0.6833910034602075,False,False
17031818300,Illinois,Cook County,5826,872,0.13934052838840302,5.389531870789431,0.0,0.0,0.0,0.0,65375.0,0.06635125387567173,0.0,0.0,0.0,0.0,0.7696919164547463,False,False
17031812801,Illinois,Cook County,2943,873,0.1393293916730249,16.4437689969605,0.0,0.0,0.0,0.0,99914.0,0.21027492843478104,0.0,0.0,0.0,0.0,0.6257014216033685,False,False
17031810900,Illinois,Cook County,6429,874,0.13925316555290965,5.6294463346736805,0.0,0.0,0.0,0.0,66250.0,0.06947488609271103,0.0,0.0,0.0,0.0,0.7660441072247468,False,False
17031310400,Illinois,Cook County,1332,875,0.13920761466570838,10.8382726502964,0.0,0.0,0.0,0.0,82583.0,0.13729263008788423,0.0,0.0,0.0,0.0,0.697953057906366,False,False
17031081100,Illinois,Cook County,3640,876,0.13920597853082126,16.1534701857282,0.0,0.0,0.0,0.0,99185.0,0.20649530337736507,0.0,0.0,0.0,0.0,0.6287405678075624,False,False
17031805108,Illinois,Cook County,6699,877,0.13904610585375493,5.3473491773309,0.0,0.0,0.0,0.0,65667.0,0.06580204471939455,0.0,0.0,0.0,0.0,0.768474590403135,False,False
17031160602,Illinois,Cook County,3589,878,0.1388957561446719,5.92230372181472,0.0,0.0,0.0,0.0,67679.0,0.07328782323147834,0.0,0.0,0.0,0.0,0.7600867136365531,False,False
17031821001,Illinois,Cook County,5233,879,0.13881588072943354,6.99466508595139,0.0,0.0,0.0,0.0,71143.0,0.08724972636601222,0.0,0.0,0.0,0.0,0.7456455580105891,False,False
17031150600,Illinois,Cook County,4163,880,0.13876841713303256,9.98586905322657,0.0,0.0,0.0,0.0,80553.0,0.12619452747823034,0.0,0.0,0.0,0.0,0.706415975319965,False,False
17031806400,Illinois,Cook County,2494,881,0.1387382356287146,18.5696361355082,0.0,0.0,0.0,0.0,107404.0,0.23795323917771538,0.0,0.0,0.0,0.0,0.5944761745945721,False,False
17031810100,Illinois,Cook County,4253,882,0.13861906116837847,10.4623399175168,0.0,0.0,0.0,0.0,82256.0,0.13239807068309348,0.0,0.0,0.0,0.0,0.6993162963271773,False,False
17031150401,Illinois,Cook County,4793,883,0.13857998730677254,9.29609793420046,0.0,0.0,0.0,0.0,78670.0,0.11721386305771117,0.0,0.0,0.0,0.0,0.7142660607829241,False,False
17031770601,Illinois,Cook County,3232,884,0.13824282175949268,10.2242744063325,0.0,0.0,0.0,0.0,82054.0,0.1292985114132531,0.0,0.0,0.0,0.0,0.7001584191437029,False,False
17031822900,Illinois,Cook County,2042,885,0.13813180572213996,7.51417769376181,0.0,0.0,0.0,0.0,73750.0,0.09401366336523233,0.0,0.0,0.0,0.0,0.7347771709676074,False,False
17031804202,Illinois,Cook County,7463,886,0.13809130243454634,3.6675824175824197,27.5938610019201,2.33295725339993,0.330099956897471,2.36857422033184,145000.0,0.04393186030903089,0.27593860734500547,0.026609479942460358,0.00612819814264235,0.038198392343354634,0.43774127652478423,False,False
17031804509,Illinois,Cook County,6288,887,0.13793932757682967,6.56702178406742,0.0,0.0,0.0,0.0,71069.0,0.08168190701265172,0.0,0.0,0.0,0.0,0.7459540584483262,False,False
17031822701,Illinois,Cook County,4181,888,0.13767792889517708,6.59865422183634,0.0,0.0,0.0,0.0,71544.0,0.08209375421902174,0.0,0.0,0.0,0.0,0.7439738191520406,False,False
17031810502,Illinois,Cook County,5164,889,0.13761182419322715,6.610136827905181,0.0,0.0,0.0,0.0,71675.0,0.0822432551606136,0.0,0.0,0.0,0.0,0.7434276899987493,False,False
17031160601,Illinois,Cook County,3490,890,0.13751008371879184,10.0028336639275,0.0,0.0,0.0,0.0,82417.0,0.12641540288389375,0.0,0.0,0.0,0.0,0.6986450994288573,False,False
17031160700,Illinois,Cook County,5893,891,0.13749222527640603,14.6240476979132,0.0,0.0,0.0,0.0,96875.0,0.1865825674836749,0.0,0.0,0.0,0.0,0.6383707841747613,False,False
17031170800,Illinois,Cook County,3721,892,0.13739310135215763,6.373256373256369,0.0,0.0,0.0,0.0,71250.0,0.07915912505962505,0.0,0.0,0.0,0.0,0.7451994830533206,False,False
17031150200,Illinois,Cook County,7540,893,0.13722881252195443,13.0114883180586,0.0,0.0,0.0,0.0,92218.0,0.16558740800369895,0.0,0.0,0.0,0.0,0.6577854671280277,False,False
17031390100,Illinois,Cook County,1268,894,0.1368446540775371,12.4101894186806,0.0,0.0,0.0,0.0,90893.0,0.157758631931767,0.0,0.0,0.0,0.0,0.6633092925334556,False,False
17031700501,Illinois,Cook County,7125,895,0.13664401682603217,6.25186957822315,0.0,0.0,0.0,0.0,71949.0,0.07757869636203787,0.0,0.0,0.0,0.0,0.7422854045941552,False,False
17031804607,Illinois,Cook County,7049,896,0.13654477079632377,3.91675097557451,14.8628411487174,1.87798970516209,0.327073079228073,1.00423837812325,110930.0,0.04717597874447806,0.14862841004677596,0.02142016503681352,0.006072005144963855,0.016195520176028814,0.5797765456288824,False,False
17031828601,Illinois,Cook County,4187,897,0.13611493714949272,5.6546871073134,6.36356575769317,0.45078388591317997,0.16648070118188402,0.285546354482571,89189.0,0.06980351526047322,0.06363565696022136,0.005141596466506205,0.003090659972686697,0.00460505378599102,0.6704131404510777,False,False
17031560800,Illinois,Cook County,5411,898,0.13604784235410428,6.591913013931359,0.0,0.0,0.0,0.0,73869.0,0.08200598521229809,0.0,0.0,0.0,0.0,0.7342810689123276,False,False
17031824115,Illinois,Cook County,3920,899,0.13596086586382564,10.0977198697068,0.0,0.0,0.0,0.0,84943.0,0.12765079988550113,0.0,0.0,0.0,0.0,0.6881143952974528,False,False
17031804803,Illinois,Cook County,5392,900,0.13574027087737084,0.479698475244132,12.5194609270207,0.0,0.0,1.2409908253061999,90054.0,0.0024263302744831354,0.12519460805691227,0.0,0.0,0.020013666463408675,0.666807020469421,False,False
17031804603,Illinois,Cook County,5581,901,0.13573199812457795,6.50655765627661,0.0,0.0,0.0,0.0,74057.0,0.08089467770398578,0.0,0.0,0.0,0.0,0.7334973110434819,False,False
17031809500,Illinois,Cook County,3670,902,0.13567574992565765,20.7913110938712,0.0,0.0,0.0,0.0,118750.0,0.26687894612917407,0.0,0.0,0.0,0.0,0.5471755534247718,False,False
17031824005,Illinois,Cook County,5539,903,0.1356752299487994,4.59120607451881,23.9906505339537,1.94087118426517,0.22592350166317,1.0892069739991102,136233.0,0.055957232037423664,0.2399065030145383,0.02213738497494447,0.0041941961952497945,0.017565822923677282,0.4742902405469629,False,False
17031160100,Illinois,Cook County,2485,904,0.13559257683054524,9.35195964299573,0.0,0.0,0.0,0.0,83144.0,0.11794116990893945,0.0,0.0,0.0,0.0,0.6956142910743319,False,False
17031819300,Illinois,Cook County,2693,905,0.13558744534042846,7.06134094151213,2.28121345299042,0.18596848811175398,0.08885218814142991,0.0770149545143265,82672.0,0.08811783096944567,0.022812134308825647,0.0021211382022228117,0.0016495119219513928,0.0012420330440106279,0.6975820235961145,False,False
17031805112,Illinois,Cook County,3558,906,0.13554550866035034,4.52119309262166,0.0,0.0,0.0,0.0,68125.0,0.05504567880164026,0.0,0.0,0.0,0.0,0.7582273731604618,False,False
17031820104,Illinois,Cook County,4165,907,0.13554499653609242,8.7770483831753,0.0,0.0,0.0,0.0,81417.0,0.11045595495341193,0.0,0.0,0.0,0.0,0.7028140242631425,False,False
17031810301,Illinois,Cook County,4002,908,0.13551420330306102,12.611975483262599,0.0,0.0,0.0,0.0,93438.0,0.1603858409881664,0.0,0.0,0.0,0.0,0.6526993788301997,False,False
17031808200,Illinois,Cook County,5196,909,0.1353007114588674,8.786148461963531,0.0,0.0,0.0,0.0,81797.0,0.11057443592709024,0.0,0.0,0.0,0.0,0.7012298328261142,False,False
17031815300,Illinois,Cook County,3617,910,0.13521636370260992,7.62593932646813,0.0,0.0,0.0,0.0,78295.0,0.0954687746198785,0.0,0.0,0.0,0.0,0.7158294075957811,False,False
17031816000,Illinois,Cook County,3330,911,0.13517849563448278,10.9644989004084,0.0,0.0,0.0,0.0,88776.0,0.13893606739925923,0.0,0.0,0.0,0.0,0.6721349064076374,False,False
17031110300,Illinois,Cook County,5161,912,0.13491071365345333,13.2342657342657,0.0,0.0,0.0,0.0,96250.0,0.16848791972453045,0.0,0.0,0.0,0.0,0.6409763621961896,False,False
17031640300,Illinois,Cook County,6463,913,0.1349031671864623,4.0224246671338495,0.557570693184122,0.21109407703961003,0.0532248526982199,0.079673145807876,69952.0,0.048551826378272586,0.005575706877805539,0.0024077181871942194,0.0009881020479774038,0.001284902139301409,0.7506107474882228,False,False
17031171000,Illinois,Cook County,7287,914,0.13466476181435877,8.70633187772926,0.0,0.0,0.0,0.0,82463.0,0.10953524199967248,0.0,0.0,0.0,0.0,0.6984533288864802,False,False
17031807700,Illinois,Cook County,5933,915,0.13460144396755974,9.409448818897639,0.0,0.0,0.0,0.0,84750.0,0.1186896660148886,0.0,0.0,0.0,0.0,0.6889189977904698,False,False
17031150501,Illinois,Cook County,3648,916,0.13444537431807826,6.52009097801365,0.0,0.0,0.0,0.0,75951.0,0.08107087850112393,0.0,0.0,0.0,0.0,0.7256013674073456,False,False
17031804404,Illinois,Cook County,5233,917,0.13410324121088008,7.158671586715871,2.7465882968280697,0.45746095082015203,0.139087954090314,0.379502426898816,88365.0,0.08938505402111757,0.027465882702101412,0.005217754409159311,0.002582122548367763,0.006120299070005615,0.6738483345145287,False,False
17031816100,Illinois,Cook County,6445,918,0.13371062863534966,8.00342759211654,0.0,0.0,0.0,0.0,81641.0,0.10038358671183538,0.0,0.0,0.0,0.0,0.7018801851002626,False,False
17031170300,Illinois,Cook County,5129,919,0.13362564187774775,8.40037418147802,0.0,0.0,0.0,0.0,83003.0,0.10555174179052046,0.0,0.0,0.0,0.0,0.6962021094759662,False,False
17031824701,Illinois,Cook County,3962,920,0.13349460244736255,6.29775410974763,0.0,0.0,0.0,0.0,76625.0,0.07817610261513802,0.0,0.0,0.0,0.0,0.7227915120690374,False,False
17031828802,Illinois,Cook County,3038,921,0.13349290642843561,3.18114874815906,2.1653077883340597,0.19717506274649602,0.0451801893505576,0.16267863084946402,73458.0,0.0375986036280309,0.021653077673494774,0.0022489592853276435,0.0008387554941375332,0.002623545470404125,0.7359944970192187,False,False
17031828402,Illinois,Cook County,3843,922,0.13340178990029403,3.99365247289077,0.00238081005566945,0.000663090331492994,0.00010214516003843,0.00032950884159092597,69572.0,0.04817721889759999,2.3808100325963774e-05,7.5631428094912844e-06,1.8962916139423704e-06,5.314044163636582e-06,0.7521949389252511,False,False
17031841000,Illinois,Cook County,849,923,0.1333567045853177,17.4668028600613,0.0,0.0,0.0,0.0,111705.0,0.2235945986295951,0.0,0.0,0.0,0.0,0.5765456288823112,False,False
17031480100,Illinois,Cook County,2033,924,0.13301725170474174,6.93430656934307,0.0,0.0,0.0,0.0,79300.0,0.08646387209112609,0.0,0.0,0.0,0.0,0.7116396381373244,False,False
17031822601,Illinois,Cook County,4470,925,0.13299947049418973,3.49544072948328,7.54657702770509,1.0146268771678,0.469045200027012,0.861729654627038,94886.0,0.04169061434938157,0.07546576954569174,0.011572733918605358,0.008707671308523172,0.01389725817278186,0.6466627756701546,False,False
17031170700,Illinois,Cook County,2980,926,0.13296563800855116,8.43563109852062,0.0,0.0,0.0,0.0,84063.0,0.10601077889968318,0.0,0.0,0.0,0.0,0.6917830491516238,False,False
17031804709,Illinois,Cook County,6510,927,0.1328746083525689,6.840713813615331,0.0,0.0,0.0,0.0,79213.0,0.08524531551750615,0.0,0.0,0.0,0.0,0.7120023345979072,False,False
17031806900,Illinois,Cook County,4713,928,0.1328200375002572,8.879242304656671,1.7881625519072302,0.25140792532566497,0.0832509035351633,0.353942949447952,92375.0,0.1117864967655088,0.01788162534577664,0.0028675339578466083,0.001545525898314329,0.005708097105052014,0.6571309459290449,False,False
17031803008,Illinois,Cook County,4712,929,0.13276996737108235,2.62572318647085,17.0380365742285,1.74943729144077,1.7919925708301698,0.688812832221301,122500.0,0.030367088067995745,0.17038036409108287,0.01995390890653631,0.03326775818877566,0.011108599675901347,0.5315420852962021,False,False
17031827804,Illinois,Cook County,3308,930,0.13238705384606925,9.185606060606059,0.428067830626593,0.025099926732904,0.0187853581010513,0.0322992172766858,88542.0,0.1157752837803608,0.004280678264780721,0.00028628728451114005,0.0003487440522735069,0.0005208948756291237,0.6731104348188602,False,False
17031810800,Illinois,Cook County,5324,931,0.13216342994767238,6.3112504900039195,0.0,0.0,0.0,0.0,78583.0,0.07835182244252742,0.0,0.0,0.0,0.0,0.7146287572435068,False,False
17031806600,Illinois,Cook County,3490,932,0.1321454290318064,5.61252023745278,3.71801308759176,0.818289389792446,0.313762257298334,0.306549658477299,90167.0,0.06925451212387249,0.03718013051559492,0.009333327935210797,0.005824894072931194,0.0049437775800822035,0.6663359319631468,False,False
17031804308,Illinois,Cook County,5486,933,0.1321116531524811,6.54867256637168,0.0,0.0,0.0,0.0,79399.0,0.08144300433615642,0.0,0.0,0.0,0.0,0.7112269145787302,False,False
17031830004,Illinois,Cook County,7233,934,0.13206891172546345,8.22162645218946,7.83975386411903,1.2925402580513299,0.173539609419439,0.748224472522139,110694.0,0.10322448666430287,0.0783975378814186,0.014742586483878193,0.003221706304098074,0.012066741129309432,0.5807604118897736,False,False
17031770901,Illinois,Cook County,4934,935,0.13205661516887865,9.555597940110621,0.0,0.0,0.0,0.0,88869.0,0.12059249461522303,0.0,0.0,0.0,0.0,0.6717471963980489,False,False
17031061902,Illinois,Cook County,4240,936,0.1317776290841161,11.9277885235332,0.0,0.0,0.0,0.0,96679.0,0.15147788106241544,0.0,0.0,0.0,0.0,0.6391878934422812,False,False
17031390700,Illinois,Cook County,5592,937,0.13166544188904,17.5740379499911,0.0,0.0,0.0,0.0,114474.0,0.22499077531806455,0.0,0.0,0.0,0.0,0.5650018760161755,False,False
17031804806,Illinois,Cook County,3751,938,0.13158755385666904,6.607495069033529,0.0,0.0,0.0,0.0,80337.0,0.08220886005584359,0.0,0.0,0.0,0.0,0.7073164630841706,False,False
17031822101,Illinois,Cook County,4480,939,0.1313319727083568,6.6354044548651805,0.0,0.0,0.0,0.0,80792.0,0.08257223396556995,0.0,0.0,0.0,0.0,0.7054196022845708,False,False
17031803017,Illinois,Cook County,6058,940,0.1312095873018817,3.9475812975246702,14.8164121348616,1.22074862741015,0.0237508551366424,0.889327586755528,115000.0,0.047577382583771706,0.14816411991271752,0.013923738237602368,0.0004409268868209736,0.014342334637036224,0.5628090215533414,False,False
17031822801,Illinois,Cook County,3345,941,0.13106830782306095,11.5672857608341,0.0,0.0,0.0,0.0,96574.0,0.1467842163884845,0.0,0.0,0.0,0.0,0.6396256305498812,False,False
17031060900,Illinois,Cook County,6867,942,0.1310646355302216,8.86983412988474,0.0,0.0,0.0,0.0,88155.0,0.11166400445160095,0.0,0.0,0.0,0.0,0.6747238087297286,False,False
17031805106,Illinois,Cook County,2718,943,0.13098219799049912,9.93557138012886,0.0,0.0,0.0,0.0,91602.0,0.12553966311704734,0.0,0.0,0.0,0.0,0.6603535248259473,False,False
17031810501,Illinois,Cook County,5049,944,0.13061400624680405,7.381049206994709,0.0,0.0,0.0,0.0,84154.0,0.09228036048912046,0.0,0.0,0.0,0.0,0.6914036769917038,False,False
17031720200,Illinois,Cook County,4016,945,0.13056544120652794,9.98270323696565,0.0,0.0,0.0,0.0,92349.0,0.12615330926443138,0.0,0.0,0.0,0.0,0.6572393379747363,False,False
17031040201,Illinois,Cook County,6218,946,0.1304175201744184,8.12654186620229,0.0,0.0,0.0,0.0,86765.0,0.10198650679712543,0.0,0.0,0.0,0.0,0.6805186142493851,False,False
17031802506,Illinois,Cook County,2508,947,0.13040735306942397,9.739263803680979,0.0081366560818476,0.00312627134235662,0.000615533645940333,0.00075974441209015,91850.0,0.12298378274070891,8.136656002993071e-05,3.5657942063830185e-05,1.1427181576267337e-05,1.2252525120207116e-05,0.6593196314670446,False,False
17031808001,Illinois,Cook County,3646,948,0.13024549475220704,7.71357478573403,5.3676129758125,1.4973054303074,0.554940467862126,0.36115602507308,106563.0,0.09660976853698586,0.05367612923793514,0.017078117808389904,0.010302288968447338,0.0058244235812780045,0.597982240380206,False,False
17031802802,Illinois,Cook County,6594,949,0.13003946590787943,5.11231603408211,10.78433183095,2.07786028009854,0.0,0.099322263633611,109833.0,0.06274196619624998,0.10784331726436129,0.02369986906787052,0.0,0.0016017867467016677,0.5843498561720932,False,False
17031050300,Illinois,Cook County,2365,950,0.13003534720853735,9.69518912963643,0.0,0.0,0.0,0.0,92214.0,0.12240994042385936,0.0,0.0,0.0,0.0,0.6578021428273648,False,False
17031222600,Illinois,Cook County,1602,951,0.1300135053674028,7.18372536554355,0.0,0.0,0.0,0.0,84402.0,0.08971124857161568,0.0,0.0,0.0,0.0,0.6903697836328011,False,False
17031806003,Illinois,Cook County,8109,952,0.1299678349956638,5.5222968845449,0.0,0.0,0.0,0.0,79279.0,0.06807982441513838,0.0,0.0,0.0,0.0,0.7117271855588444,False,False
17031811402,Illinois,Cook County,4433,953,0.12989028784306436,5.36168245897851,0.0,0.0,0.0,0.0,78889.0,0.06598866081417062,0.0,0.0,0.0,0.0,0.7133530662442156,False,False
17031170900,Illinois,Cook County,1713,954,0.12983013116590322,6.70569451836083,0.0,0.0,0.0,0.0,83173.0,0.08348739474128158,0.0,0.0,0.0,0.0,0.6954933922541376,False,False
17031823102,Illinois,Cook County,3641,955,0.12980897112010967,5.846774193548391,0.0,0.0,0.0,0.0,80521.0,0.07230444580599592,0.0,0.0,0.0,0.0,0.7065493809146621,False,False
17031805402,Illinois,Cook County,5095,956,0.1296089683551266,6.9047619047619095,0.0,0.0,0.0,0.0,84113.0,0.08607920722085025,0.0,0.0,0.0,0.0,0.6915746029099095,False,False
17031030200,Illinois,Cook County,5369,957,0.12954581221013417,14.3356643356643,0.0,0.0,0.0,0.0,107411.0,0.18282788114007292,0.0,0.0,0.0,0.0,0.594446992120732,False,False
17031110100,Illinois,Cook County,5254,958,0.12939392975185146,12.1110490031675,0.0,0.0,0.0,0.0,100682.0,0.1538638911804713,0.0,0.0,0.0,0.0,0.6224996873306374,False,False
17031804608,Illinois,Cook County,3787,959,0.1293429302581537,6.41599522530588,8.171547377584849,1.30199989663491,0.341548570407797,0.498737672168853,109583.0,0.07971557527533833,0.08171547298392177,0.014850482186975994,0.006340737922135873,0.008043225799885707,0.5853920873806645,False,False
17031243000,Illinois,Cook County,2204,960,0.12883520741715074,7.08003518029903,0.0,0.0,0.0,0.0,85774.0,0.0883612257427427,0.0,0.0,0.0,0.0,0.6846500187601617,False,False
17031822802,Illinois,Cook County,3616,961,0.12853454563938868,6.627043090638931,0.0,0.0,0.0,0.0,84792.0,0.0824633708889023,0.0,0.0,0.0,0.0,0.6887439029474298,False,False
17031221500,Illinois,Cook County,2829,962,0.12850637669904644,10.0283486888731,0.0,0.0,0.0,0.0,95455.0,0.1267476027548323,0.0,0.0,0.0,0.0,0.6442906574394464,False,False
17031770201,Illinois,Cook County,5894,963,0.1284498457209024,6.1899139821217695,1.2589227477696001,0.359887471229778,0.21569908354822,0.10090366824761,88904.0,0.07677204847230698,0.0125892273556904,0.0041048409409453965,0.004004383204389282,0.0016272903232333173,0.671601284028849,False,False
17031700302,Illinois,Cook County,5319,964,0.12830910428733217,4.46747069814846,0.0,0.0,0.0,0.0,78372.0,0.054346225340451935,0.0,0.0,0.0,0.0,0.715508400383541,False,False
17031821800,Illinois,Cook County,5337,965,0.12806355463632635,8.36000753153832,0.0,0.0,0.0,0.0,90882.0,0.10502617711132536,0.0,0.0,0.0,0.0,0.6633551507066328,False,False
17031221400,Illinois,Cook County,3020,966,0.12787276282593318,7.03899537343027,0.0,0.0,0.0,0.0,87031.0,0.08782689671213378,0.0,0.0,0.0,0.0,0.6794096802434653,False,False
17031811401,Illinois,Cook County,4842,967,0.12776926742819825,6.1981667394151,0.0,0.0,0.0,0.0,84554.0,0.07687949751119982,0.0,0.0,0.0,0.0,0.6897361070579897,False,False
17031770902,Illinois,Cook County,3521,968,0.12775359867793504,4.66455513964872,0.0,0.0,0.0,0.0,79787.0,0.056912220324582714,0.0,0.0,0.0,0.0,0.7096093717430274,False,False
17031823904,Illinois,Cook County,4016,969,0.12769571898804244,2.4063507814438103,12.842066729322099,2.4528792032944597,0.43408136747051596,0.0,112266.0,0.02751090882486991,0.12842066604866165,0.02797729785499551,0.008058579149450495,0.0,0.5742068620502772,False,False
17031171100,Illinois,Cook County,4110,970,0.12751844388071795,9.48885976408912,0.0,0.0,0.0,0.0,95192.0,0.11972357861344426,0.0,0.0,0.0,0.0,0.6453870846708634,False,False
17031803010,Illinois,Cook County,5196,971,0.12747135730876705,4.27526720420026,16.1232901754301,1.8098272924154402,0.618405623563879,0.317242754293938,126585.0,0.05184377919275416,0.16123290019174943,0.020642711291285865,0.011480498905065991,0.005116226923599856,0.5145120273481469,False,False
17031100100,Illinois,Cook County,5313,972,0.12744109507186543,7.19036491101923,0.0,0.0,0.0,0.0,88125.0,0.08979769395643555,0.0,0.0,0.0,0.0,0.6748488764747571,False,False
17031807600,Illinois,Cook County,6540,973,0.12736017301323152,6.55974338412189,0.0,0.0,0.0,0.0,86272.0,0.08158714388670145,0.0,0.0,0.0,0.0,0.6825738941926878,False,False
17031150300,Illinois,Cook County,7198,974,0.12730284033291697,8.144566047340291,0.0,0.0,0.0,0.0,91304.0,0.10222117757093745,0.0,0.0,0.0,0.0,0.6615958644265644,False,False
17031390600,Illinois,Cook County,1866,975,0.12727503426274092,12.984054669703902,0.0,0.0,0.0,0.0,106458.0,0.1652302280886397,0.0,0.0,0.0,0.0,0.5984199774878058,False,False
17031806102,Illinois,Cook County,3973,976,0.1271812919031715,9.200343938091141,3.9310600695788898,0.733977989048673,0.0,0.47261260680635503,108042.0,0.11596716762170098,0.039310600314819255,0.008371680428063962,0.0,0.007621902504146775,0.5918164005502982,False,False
17031250500,Illinois,Cook County,7538,977,0.12712031990559938,11.5922538999462,0.0,0.0,0.0,0.0,102334.0,0.14710929592919822,0.0,0.0,0.0,0.0,0.6156126235043982,False,False
17031804309,Illinois,Cook County,3230,978,0.12694280633517258,7.341772151898731,0.0,0.0,0.0,0.0,89315.0,0.09176898208907777,0.0,0.0,0.0,0.0,0.6698878559219577,False,False
17031150402,Illinois,Cook County,3886,979,0.12683030990554275,4.7075208913649,0.0,0.0,0.0,0.0,81250.0,0.05747162472278824,0.0,0.0,0.0,0.0,0.7035102347104683,False,False
17031805401,Illinois,Cook County,3841,980,0.12663234942454302,8.720930232558139,0.0,0.0,0.0,0.0,94069.0,0.10972530928749243,0.0,0.0,0.0,0.0,0.6500687872597657,False,False
17031830100,Illinois,Cook County,3356,981,0.12643567248762863,5.58359621451104,0.0,0.0,0.0,0.0,84554.0,0.06887792786778198,0.0,0.0,0.0,0.0,0.6897361070579897,False,False
17031821900,Illinois,Cook County,5233,982,0.1264355309660826,5.08946322067594,0.0,0.0,0.0,0.0,83011.0,0.06244442771920368,0.0,0.0,0.0,0.0,0.696168758077292,False,False
17031818200,Illinois,Cook County,4702,983,0.12624938027511867,7.413178984861981,0.0,0.0,0.0,0.0,90536.0,0.09269868295141663,0.0,0.0,0.0,0.0,0.6647975986992954,False,False
17031823604,Illinois,Cook County,3578,984,0.12619550960586215,2.92164674634794,10.423311930984799,0.915195649857292,0.0,0.369259025911896,105521.0,0.03421994608433863,0.1042331182996967,0.010438631163436008,0.0,0.005955102030170462,0.6023262600575312,False,False
17031160900,Illinois,Cook County,2405,985,0.12607104825828172,9.397884458909681,0.0,0.0,0.0,0.0,96991.0,0.11853910065570604,0.0,0.0,0.0,0.0,0.6378871888939842,False,False
17031110200,Illinois,Cook County,2828,986,0.12603710155194103,8.97174482959511,0.0,0.0,0.0,0.0,95709.0,0.11299085878010827,0.0,0.0,0.0,0.0,0.6432317505315379,False,False
17031110502,Illinois,Cook County,3214,987,0.1260294960495324,9.579180509413069,0.0,0.0,0.0,0.0,97617.0,0.12089953434947277,0.0,0.0,0.0,0.0,0.6352774419477216,False,False
17031120400,Illinois,Cook County,3515,988,0.12584541496330356,6.43868554635319,0.0,0.0,0.0,0.0,88074.0,0.08001099813851567,0.0,0.0,0.0,0.0,0.6750614916413057,False,False
17031100600,Illinois,Cook County,4832,989,0.12548058605288392,5.18828451882845,0.0,0.0,0.0,0.0,84694.0,0.06373105873611375,0.0,0.0,0.0,0.0,0.6891524575811898,False,False
17031640400,Illinois,Cook County,3190,990,0.12530728029518212,4.76964769647696,0.0,0.0,0.0,0.0,83636.0,0.0582805017152291,0.0,0.0,0.0,0.0,0.6935631800558636,False,False
17031063301,Illinois,Cook County,2641,991,0.12523987346719556,15.2817919075144,0.0,0.0,0.0,0.0,116563.0,0.19514624876581974,0.0,0.0,0.0,0.0,0.5562929920373536,False,False
17031804713,Illinois,Cook County,4694,992,0.125109264157015,7.26432532347505,0.0,0.0,0.0,0.0,91712.0,0.09076064184791398,0.0,0.0,0.0,0.0,0.6598949430941761,False,False
17031824505,Illinois,Cook County,6869,993,0.12479523394384855,5.03685503685504,0.697531069855725,0.0873568329636335,0.0,0.0378396083875392,87266.0,0.0617594810294444,0.006975310630957631,0.0009963834061661576,0.0,0.0006102456891148681,0.6784299829074082,False,False
17031031100,Illinois,Cook County,4402,994,0.12469233815607361,12.349397590361399,0.0,0.0,0.0,0.0,108193.0,0.15696713603612064,0.0,0.0,0.0,0.0,0.591186892900321,False,False
17031221200,Illinois,Cook County,2860,995,0.12468513537676784,9.90743914981145,0.0,0.0,0.0,0.0,100577.0,0.1251733878223697,0.0,0.0,0.0,0.0,0.6229374244382373,False,False
17031170600,Illinois,Cook County,2498,996,0.12451315322291699,4.78119935170178,0.0,0.0,0.0,0.0,84815.0,0.058430901661260644,0.0,0.0,0.0,0.0,0.6886480176762413,False,False
17031805109,Illinois,Cook County,4359,997,0.12448142873844315,8.68005738880918,0.0,0.0,0.0,0.0,97037.0,0.10919315407905172,0.0,0.0,0.0,0.0,0.6376954183516071,False,False
17031806502,Illinois,Cook County,4205,998,0.12427466000871946,4.952041043943789,0.020279751096129,0.00514828102767255,0.0,0.00167450410213255,85761.0,0.06065522196801014,0.00020279750899592457,5.872078476549683e-05,0.0,2.7005007537764463e-05,0.6847042147830075,False,False
17031802701,Illinois,Cook County,6952,999,0.12425697970369055,6.16134116635621,3.85370361173935,1.13235538861831,0.0,0.49480766985952596,103750.0,0.07640003685445017,0.038537035743920686,0.012915533688953759,0.0,0.007979845995768387,0.6097094259390503,False,False
17031802504,Illinois,Cook County,6601,1000,0.12416322170139298,5.98911070780399,0.0,0.0,0.0,0.0,89091.0,0.07415763512352024,0.0,0.0,0.0,0.0,0.6708216950848376,False,False
17031841900,Illinois,Cook County,4865,1001,0.12395467594414876,18.1915462814339,0.0,0.0,0.0,0.0,127500.0,0.23303059454011665,0.0,0.0,0.0,0.0,0.5106974611247759,False,False
17031243300,Illinois,Cook County,2386,1002,0.12379174122597568,11.5789473684211,0.0,0.0,0.0,0.0,107083.0,0.14693604788947642,0.0,0.0,0.0,0.0,0.5958143994663776,False,False
17031242000,Illinois,Cook County,4565,1003,0.12366776637455541,17.4724019794442,0.0,0.0,0.0,0.0,125667.0,0.22366749790131185,0.0,0.0,0.0,0.0,0.5183391003460207,False,False
17031808301,Illinois,Cook County,5625,1004,0.1233927496654847,8.30547246172796,0.0,0.0,0.0,0.0,97434.0,0.10431614280051234,0.0,0.0,0.0,0.0,0.6360403551923959,False,False
17031411000,Illinois,Cook County,3309,1005,0.12319074808528692,9.35101186322401,0.0,0.0,0.0,0.0,100990.0,0.11792883003004397,0.0,0.0,0.0,0.0,0.6212156584816776,False,False
17031823704,Illinois,Cook County,4020,1006,0.12315269048745235,0.897404802328402,9.82214245630141,1.7901428940877402,0.0,0.338692847953175,104412.0,0.00786477245682311,0.09822142361112376,0.020418192988725034,0.0,0.005462156169288617,0.6069495976987536,False,False
17031811500,Illinois,Cook County,5895,1007,0.12309191481134069,3.7352758834469904,0.0,0.0,0.0,0.0,83594.0,0.044813213969140515,0.0,0.0,0.0,0.0,0.6937382748989036,False,False
17031812802,Illinois,Cook County,2444,1008,0.12255884492633984,9.58333333333333,0.0,0.0,0.0,0.0,102625.0,0.12095360318041778,0.0,0.0,0.0,0.0,0.6143994663776212,False,False
17031770202,Illinois,Cook County,4912,1009,0.12236710862888349,4.204265791632491,0.04579958895844,0.009428621581893991,0.00176235658232121,0.00120473945870023,86250.0,0.050919356812538744,0.00045799588514583824,0.00010754192624096391,3.271757571846293e-05,1.942903461496965e-05,0.682665610539042,False,False
17031804902,Illinois,Cook County,5523,1010,0.12226562245701356,6.819047619047621,0.0,0.0,0.0,0.0,94414.0,0.08496322655014404,0.0,0.0,0.0,0.0,0.6486305081919372,False,False
17031803604,Illinois,Cook County,4314,1011,0.12181234055657332,4.248046875,0.0,0.0,0.0,0.0,87037.0,0.05148937664498043,0.0,0.0,0.0,0.0,0.6793846666944595,False,False
17031832100,Illinois,Cook County,3297,1012,0.12180325545159361,11.3519680547633,0.0,0.0,0.0,0.0,109236.0,0.1439808284114001,0.0,0.0,0.0,0.0,0.5868387042981615,False,False
17031824105,Illinois,Cook County,6845,1013,0.12165506989063408,2.93981837771279,10.088269037866,3.68747039442954,0.0698846570898694,0.596292437141575,120083.0,0.034456536626852954,0.10088268940097862,0.042058923006836856,0.001297385888209476,0.009616507800257098,0.5416183766206695,False,False
17031808500,Illinois,Cook County,4073,1014,0.12129837471501538,7.8199647975861195,0.0,0.0,0.0,0.0,98932.0,0.09799494249945573,0.0,0.0,0.0,0.0,0.6297953057906366,False,False
17031824003,Illinois,Cook County,6336,1015,0.12124041334769693,6.39905945582801,0.158207731867077,0.0308554212685035,0.0,0.00135267082941622,95047.0,0.07949507537589522,0.0015820773033384317,0.0003519338865570118,0.0,2.1814748556290837e-05,0.6459915787718347,False,False
17031031000,Illinois,Cook County,3656,1016,0.12122255317382373,6.77799607072692,0.0,0.0,0.0,0.0,95787.0,0.08442874464847866,0.0,0.0,0.0,0.0,0.6429065743944637,False,False
17031803605,Illinois,Cook County,7253,1017,0.12118896059274874,9.8047304730473,0.0,0.0,0.0,0.0,105288.0,0.12383614401257272,0.0,0.0,0.0,0.0,0.6032976195439197,False,False
17031808002,Illinois,Cook County,4870,1018,0.12116027368880285,5.865224625623959,0.0,0.0,0.0,0.0,93026.0,0.0725446662708919,0.0,0.0,0.0,0.0,0.6544169758619252,False,False
17031806700,Illinois,Cook County,4409,1019,0.12105434582019005,2.08280416560833,21.1666723943839,0.9319883277175299,0.552972803132384,0.770196085844842,140130.0,0.023298404849180707,0.21166672189251967,0.01063016678803907,0.01026575991386799,0.012421081009779593,0.4580439404677533,False,False
17031805302,Illinois,Cook County,3602,1020,0.12086829447663672,7.05405405405405,0.0,0.0,0.0,0.0,97159.0,0.088022957337996,0.0,0.0,0.0,0.0,0.6371868095218243,False,False
17031081000,Illinois,Cook County,7546,1021,0.12041515281746411,19.9404269402615,0.0,0.0,0.0,0.0,138056.0,0.2558006263307237,0.0,0.0,0.0,0.0,0.466690290574061,False,False
17031839500,Illinois,Cook County,1545,1022,0.12020023327024443,32.4963072378139,0.0,0.0,0.0,0.0,177578.0,0.4192753563480269,0.0,0.0,0.0,0.0,0.30192604327343975,False,False
17031170500,Illinois,Cook County,4980,1023,0.1198516857281135,5.86447344895405,0.0,0.0,0.0,0.0,94907.0,0.07253488612004634,0.0,0.0,0.0,0.0,0.6465752282486347,False,False
17031811000,Illinois,Cook County,4296,1024,0.1198165060448035,7.07878787878788,0.0,0.0,0.0,0.0,98750.0,0.08834498615834453,0.0,0.0,0.0,0.0,0.6305540501104765,False,False
17031030702,Illinois,Cook County,1630,1025,0.11971174317392667,13.0550621669627,0.0,0.0,0.0,0.0,117565.0,0.16615472969016015,0.0,0.0,0.0,0.0,0.5521157293533998,False,False
17031140400,Illinois,Cook County,6805,1026,0.11953795879575564,6.17201796706039,0.0,0.0,0.0,0.0,96319.0,0.07653904639191005,0.0,0.0,0.0,0.0,0.6406887063826239,False,False
17031804716,Illinois,Cook County,5490,1027,0.11952803806428004,4.3910521955261,2.16653883782892,0.21283382977374302,0.022879068477139,0.20491915367665303,97445.0,0.05335127366932521,0.021665388168324074,0.0024275616349969113,0.00042474245154336317,0.003304765442271985,0.6359944970192187,False,False
17031842000,Illinois,Cook County,2744,1028,0.11952382165358792,20.8383233532934,0.0,0.0,0.0,0.0,142143.0,0.26749103514519035,0.0,0.0,0.0,0.0,0.44965189477633716,False,False
17031804000,Illinois,Cook County,4587,1029,0.11949990749127683,4.664914586070959,0.0,0.0,0.0,0.0,91667.0,0.05691690023594207,0.0,0.0,0.0,0.0,0.6600825447117189,False,False
17031060500,Illinois,Cook County,1309,1030,0.11938999477213164,22.6254826254826,0.0,0.0,0.0,0.0,147917.0,0.29075944584961555,0.0,0.0,0.0,0.0,0.42558052278317426,False,False
17031640500,Illinois,Cook County,3491,1031,0.11926633370888802,3.15736297044708,0.0,0.0,0.0,0.0,87295.0,0.037288918166114265,0.0,0.0,0.0,0.0,0.6783090840872139,False,False
17031040100,Illinois,Cook County,3985,1032,0.11911622358763692,11.3989637305699,0.0,0.0,0.0,0.0,113250.0,0.14459270151248105,0.0,0.0,0.0,0.0,0.5701046400133405,False,False
17031825200,Illinois,Cook County,2009,1033,0.11911360684114236,1.8122676579925698,0.430905278966817,0.10261103666617899,0.0,0.0242081411341403,84722.0,0.019776080528286076,0.004309052747907977,0.0011703713465236337,0.0,0.00039040873830655805,0.6890357276858299,False,False
17031809700,Illinois,Cook County,3649,1034,0.11854695588318932,4.61031833150384,0.0,0.0,0.0,0.0,92868.0,0.05620606931339372,0.0,0.0,0.0,0.0,0.6550756659857423,False,False
17031804109,Illinois,Cook County,2955,1035,0.11836176621478911,6.296296296296299,11.4764026725151,2.56689373510945,1.13713136993394,0.42498075624949,139659.0,0.07815712221275091,0.11476402561294184,0.029277736340552238,0.021110473368931574,0.006853735688856412,0.4600075040647017,False,False
17031550200,Illinois,Cook County,2798,1036,0.11826722892245478,5.4658840792369805,0.00185393611817295,0.00101041775716041,0.000565444762267505,0.000182106829595956,95953.0,0.06734534241159232,1.8539361002059548e-05,1.1524725111650655e-05,1.0497297771446987e-05,2.9368672788882177e-06,0.6422145328719724,False,False
17031110501,Illinois,Cook County,4639,1037,0.11809181206587831,5.1860202931228905,0.0,0.0,0.0,0.0,95321.0,0.06370157902802935,0.0,0.0,0.0,0.0,0.6448492933672405,False,False
17031220300,Illinois,Cook County,2102,1038,0.11807155727192375,10.7388710417623,0.0,0.0,0.0,0.0,112692.0,0.13599844356067076,0.0,0.0,0.0,0.0,0.5724309000708717,False,False
17031100200,Illinois,Cook County,6749,1039,0.11801954851100961,9.62686567164179,0.0,0.0,0.0,0.0,109294.0,0.12152038440828475,0.0,0.0,0.0,0.0,0.586596906657773,False,False
17031836200,Illinois,Cook County,1529,1040,0.11782447733327794,21.0702341137124,0.0,0.0,0.0,0.0,145313.0,0.2705104609480147,0.0,0.0,0.0,0.0,0.436436403051653,False,False
17031030500,Illinois,Cook County,6395,1041,0.11782125318039206,5.473113132280201,0.0,0.0,0.0,0.0,96607.0,0.06743946305200266,0.0,0.0,0.0,0.0,0.6394880560303497,False,False
17031061800,Illinois,Cook County,1112,1042,0.11761026129604672,12.540983606557399,0.0,0.0,0.0,0.0,118984.0,0.15946154276273122,0.0,0.0,0.0,0.0,0.546200025013549,False,False
17031242400,Illinois,Cook County,2764,1043,0.11751230491818265,10.819917633845,0.0,0.0,0.0,0.0,113750.0,0.13705365191289792,0.0,0.0,0.0,0.0,0.5680201775961979,False,False
17031839000,Illinois,Cook County,7311,1044,0.11748723442715796,16.729812929197298,0.0,0.0,0.0,0.0,132243.0,0.21399915592718663,0.0,0.0,0.0,0.0,0.49092425063576106,False,False
17031802403,Illinois,Cook County,1399,1045,0.11741863097064799,4.37275985663082,0.0,0.0,0.0,0.0,93750.0,0.053113111541985246,0.0,0.0,0.0,0.0,0.6513986742819027,False,False
17031061901,Illinois,Cook County,3433,1046,0.11712471129786743,10.2029469001946,0.0,0.0,0.0,0.0,112381.0,0.12902083209287005,0.0,0.0,0.0,0.0,0.5737274356943345,False,False
17031806802,Illinois,Cook County,3300,1047,0.11698528399618237,4.4132069303694,0.0,0.0,0.0,0.0,94500.0,0.05363972332090554,0.0,0.0,0.0,0.0,0.6482719806561887,False,False
17031241600,Illinois,Cook County,3477,1048,0.11694048764373847,11.4904246461282,0.0,0.0,0.0,0.0,116667.0,0.14578350200784285,0.0,0.0,0.0,0.0,0.555859423854588,False,False
17031812700,Illinois,Cook County,3216,1049,0.11642268857686455,13.6978071492941,0.0,0.0,0.0,0.0,124306.0,0.17452312441570436,0.0,0.0,0.0,0.0,0.5240130070454829,False,False
17031812301,Illinois,Cook County,3972,1050,0.11635856517469391,7.19830628087509,0.0,0.0,0.0,0.0,104100.0,0.08990108880111303,0.0,0.0,0.0,0.0,0.6082503022470505,False,False
17031815800,Illinois,Cook County,1566,1051,0.11634590374246223,7.640750670241291,0.0,0.0,0.0,0.0,105500.0,0.0956616149757222,0.0,0.0,0.0,0.0,0.6024138074790512,False,False
17031803005,Illinois,Cook County,2655,1052,0.11613350424669015,6.42381511946729,3.6289339505570997,0.839599095383157,0.30439616712533196,0.23408625138813,115268.0,0.07981738853386784,0.03628933915388121,0.009576384331837605,0.005651015660642156,0.0037751481021591916,0.5616917496977529,False,False
17031805001,Illinois,Cook County,4694,1053,0.11598421520567366,2.8559602649006597,8.69882124050353,1.13626016445956,0.177622413617465,0.266785593884379,116875.0,0.03336472290875022,0.08698821156200906,0.012960071176417844,0.0032975022337257977,0.0043024958640825875,0.5549922874890565,False,False
17031812500,Illinois,Cook County,3375,1054,0.11598315959177131,12.25,0.0,0.0,0.0,0.0,120417.0,0.1556730018246096,0.0,0.0,0.0,0.0,0.5402259557260183,False,False
17031809600,Illinois,Cook County,3301,1055,0.11597080452130348,9.88091406501448,0.0,0.0,0.0,0.0,113036.0,0.12482803719994333,0.0,0.0,0.0,0.0,0.5709967899278776,False,False
17031806300,Illinois,Cook County,4960,1056,0.11587759996376014,5.9731543624161105,0.0,0.0,0.0,0.0,100966.0,0.07394988710486042,0.0,0.0,0.0,0.0,0.6213157126777005,False,False
17031818700,Illinois,Cook County,3625,1057,0.11575700731683776,12.3081216857382,0.0,0.0,0.0,0.0,120924.0,0.15642973306599098,0.0,0.0,0.0,0.0,0.5381123108350356,False,False
17031807900,Illinois,Cook County,4074,1058,0.11563041771251163,6.51530108588351,16.489271949071398,2.0310376452123897,0.387968483391379,0.21658210310169299,150690.0,0.08100851518575056,0.16489271789269414,0.023165814720307824,0.00720250848157876,0.0034928557770371594,0.41402009421770125,False,False
17031040600,Illinois,Cook County,2434,1059,0.11556773392680958,3.7788385043755,0.0,0.0,0.0,0.0,94559.0,0.04538038946989154,0.0,0.0,0.0,0.0,0.6480260140909659,False,False
17031220500,Illinois,Cook County,2626,1060,0.11490985052583136,8.47717683160721,0.0,0.0,0.0,0.0,110179.0,0.10655169497555762,0.0,0.0,0.0,0.0,0.5829074081794305,False,False
17031750200,Illinois,Cook County,3227,1061,0.11456604037221267,10.7631389488841,0.0,0.0,0.0,0.0,117813.0,0.136314406238779,0.0,0.0,0.0,0.0,0.551081835994497,False,False
17031803800,Illinois,Cook County,4725,1062,0.11438762516468226,4.73788111427945,4.0524164189697895,0.358212911388369,0.0868332430039228,0.17479134147324,111016.0,0.05786690797864953,0.04052416379696728,0.004085741076836236,0.0016120308633106892,0.0028188891791960293,0.5794180180931338,False,False
17031810302,Illinois,Cook County,3250,1063,0.11421231368679026,6.09716335180959,0.0,0.0,0.0,0.0,103750.0,0.07556445618169125,0.0,0.0,0.0,0.0,0.6097094259390503,False,False
17031700502,Illinois,Cook County,3036,1064,0.11406174540974634,8.31496062992126,0.0,0.0,0.0,0.0,110893.0,0.1044396766107272,0.0,0.0,0.0,0.0,0.5799307958477509,False,False
17031060200,Illinois,Cook County,2111,1065,0.11389857792326001,15.3184165232358,0.0,0.0,0.0,0.0,133000.0,0.19562309300335284,0.0,0.0,0.0,0.0,0.48776837453620714,False,False
17031242800,Illinois,Cook County,1436,1066,0.1137847327794176,5.5664702030124396,0.0,0.0,0.0,0.0,102708.0,0.06865495106013013,0.0,0.0,0.0,0.0,0.6140534456163755,False,False
17031160200,Illinois,Cook County,3443,1067,0.11337066559148586,6.8802698145025305,0.0,0.0,0.0,0.0,107407.0,0.08576032572884591,0.0,0.0,0.0,0.0,0.5944636678200692,False,False
17031818600,Illinois,Cook County,4715,1068,0.11336413496355269,6.69826875515251,0.0,0.0,0.0,0.0,106848.0,0.08339071297888144,0.0,0.0,0.0,0.0,0.5967940968024347,False,False
17031803012,Illinois,Cook County,2221,1069,0.11322356949776176,3.7292817679557997,0.0,0.0,0.0,0.0,97778.0,0.04473517193716878,0.0,0.0,0.0,0.0,0.6346062450494018,False,False
17031220400,Illinois,Cook County,2495,1070,0.11295228963924196,6.025934401220439,0.0,0.0,0.0,0.0,105341.0,0.07463707130774919,0.0,0.0,0.0,0.0,0.6030766665277025,False,False
17031561100,Illinois,Cook County,5407,1071,0.11288200065079633,4.34387495456198,0.0,0.0,0.0,0.0,100189.0,0.052737036630837814,0.0,0.0,0.0,0.0,0.6245549672739401,False,False
17031020701,Illinois,Cook County,1704,1072,0.11282774533957923,6.6361556064073195,0.0,0.0,0.0,0.0,107426.0,0.0825820137892576,0.0,0.0,0.0,0.0,0.5943844582482178,False,False
17031040800,Illinois,Cook County,1514,1073,0.11274123141399643,5.89953271028037,0.0,0.0,0.0,0.0,105250.0,0.07299134979635612,0.0,0.0,0.0,0.0,0.6034560386876224,False,False
17031830900,Illinois,Cook County,2877,1074,0.11239910656395868,5.52829571475303,0.0,0.0,0.0,0.0,104583.0,0.06815792783166146,0.0,0.0,0.0,0.0,0.6062367115520907,False,False
17031818900,Illinois,Cook County,4299,1075,0.1122449625822281,5.03875968992248,0.0,0.0,0.0,0.0,103276.0,0.06178427918286715,0.0,0.0,0.0,0.0,0.6116854963105015,False,False
17031828602,Illinois,Cook County,4562,1076,0.11216279436809684,3.99642777405671,0.0,0.0,0.0,0.0,100139.0,0.048213352692926724,0.0,0.0,0.0,0.0,0.6247634135156543,False,False
17031100700,Illinois,Cook County,4826,1077,0.11211318707717188,4.02127659574468,0.0,0.0,0.0,0.0,100288.0,0.04853687874768537,0.0,0.0,0.0,0.0,0.6241422437153459,False,False
17031070101,Illinois,Cook County,3796,1078,0.11167883598902478,15.858690046415699,0.0,0.0,0.0,0.0,137882.0,0.20265733243892217,0.0,0.0,0.0,0.0,0.46741568349522655,False,False
17031808900,Illinois,Cook County,4101,1079,0.1108956242467098,4.76537806953562,24.1981386222714,2.35094773641932,0.90282583894847,0.17611775165701302,173542.0,0.058224912135289714,0.2419813838776071,0.026814677614368825,0.01676066753044742,0.002840280417930733,0.318751823904615,False,False
17031740100,Illinois,Cook County,3048,1080,0.11062936132980893,3.6455059710873696,0.0,0.0,0.0,0.0,101250.0,0.043644429954090076,0.0,0.0,0.0,0.0,0.6201317380247634,False,False
17031801607,Illinois,Cook County,5287,1081,0.11044390974197021,7.0873602425620605,0.0,0.0,0.0,0.0,112266.0,0.08845659640154409,0.0,0.0,0.0,0.0,0.5742068620502772,False,False
17031803013,Illinois,Cook County,5449,1082,0.11039609967133561,4.50533284295697,0.0,0.0,0.0,0.0,104271.0,0.05483918192762597,0.0,0.0,0.0,0.0,0.6075374161003877,False,False
17031808400,Illinois,Cook County,4411,1083,0.11039208905830199,2.35910878112713,0.0,0.0,0.0,0.0,97574.0,0.026895828634215965,0.0,0.0,0.0,0.0,0.635456705715596,False,False
17031130200,Illinois,Cook County,1412,1084,0.11036509521521953,5.239030779305829,0.0,0.0,0.0,0.0,106607.0,0.0643917636038198,0.0,0.0,0.0,0.0,0.5977988076874974,False,False
17031819500,Illinois,Cook County,3212,1085,0.10911024457370389,8.02348336594912,0.0,0.0,0.0,0.0,117109.0,0.10064470836438956,0.0,0.0,0.0,0.0,0.5540167590778338,False,False
17031808302,Illinois,Cook County,3934,1086,0.10877673202063844,3.35017282637596,0.0,0.0,0.0,0.0,102994.0,0.03979925901006075,0.0,0.0,0.0,0.0,0.6128611331137699,False,False
17031807200,Illinois,Cook County,5912,1087,0.1087044854076185,5.130168453292501,0.0,0.0,0.0,0.0,108657.0,0.06297440066849828,0.0,0.0,0.0,0.0,0.5892525117772127,False,False
17031390200,Illinois,Cook County,1840,1088,0.10837124393971277,7.487922705314009,0.0,0.0,0.0,0.0,116500.0,0.09367182933636313,0.0,0.0,0.0,0.0,0.5565556343019136,False,False
17031818500,Illinois,Cook County,5682,1089,0.10833300591864892,4.24343941931882,1.25229780951338,0.08924085003038981,0.0315388067074886,0.0354593659869596,109948.0,0.05142938861103155,0.012522977973770241,0.0010178723186938278,0.0005855076701691882,0.000571859122078396,0.5838704298161503,False,False
17031830800,Illinois,Cook County,2391,1090,0.10806825015798083,6.13057324840764,0.0,0.0,0.0,0.0,112697.0,0.0759994455011846,0.0,0.0,0.0,0.0,0.5724100554467003,False,False
17031818800,Illinois,Cook County,5556,1091,0.10795663508371257,1.9850664724094,0.0,0.0,0.0,0.0,99911.0,0.022025882124404192,0.0,0.0,0.0,0.0,0.6257139283778713,False,False
17031803016,Illinois,Cook County,1979,1092,0.10781533533438614,1.9885277246653899,0.369266203749114,0.0234409900379338,0.0205298976626002,0.00814678497389276,101198.0,0.022070946848235625,0.0036926620017045555,0.00026736561646673474,0.000381130860806689,0.0001313845629570785,0.6203485221161462,False,False
17031281900,Illinois,Cook County,4844,1093,0.10777391401036922,17.884258478150798,0.0,0.0,0.0,0.0,149828.0,0.22902977663736016,0.0,0.0,0.0,0.0,0.41761370742485515,False,False
17031802003,Illinois,Cook County,2684,1094,0.10769753413936269,3.19513122860403,0.0,0.0,0.0,0.0,104063.0,0.037780652370257226,0.0,0.0,0.0,0.0,0.608404552465919,False,False
17031040700,Illinois,Cook County,3123,1095,0.1075620038307964,6.863317757009351,0.0,0.0,0.0,0.0,115714.0,0.08553961376311654,0.0,0.0,0.0,0.0,0.5598324092216618,False,False
17031809000,Illinois,Cook County,3976,1096,0.10750373546745677,1.7771007870017799,31.6655578792575,1.27286516908571,3.4322369681544904,0.177823094966065,195324.0,0.019318215798411788,0.3166555757237803,0.014518174362981508,0.06371836098083992,0.0028677827745130636,0.227944303164214,False,False
17031100400,Illinois,Cook County,3066,1097,0.10734422389464642,5.29131985731272,0.0,0.0,0.0,0.0,111118.0,0.06507255560784173,0.0,0.0,0.0,0.0,0.5789927877600367,False,False
17031805202,Illinois,Cook County,4028,1098,0.10727958020656099,4.636820465966189,0.0,0.0,0.0,0.0,109167.0,0.056551121127638826,0.0,0.0,0.0,0.0,0.5871263601117271,False,False
17031818100,Illinois,Cook County,2318,1099,0.10711486850127261,5.923043666234331,0.0,0.0,0.0,0.0,113421.0,0.07329745714095796,0.0,0.0,0.0,0.0,0.5693917538666777,False,False
17031100500,Illinois,Cook County,5779,1100,0.10708965991000086,5.9367223604692505,0.0,0.0,0.0,0.0,113500.0,0.07347555065523578,0.0,0.0,0.0,0.0,0.5690624088047693,False,False
17031740400,Illinois,Cook County,4785,1101,0.10671692243165116,3.8005272407732904,0.0,0.0,0.0,0.0,107365.0,0.04566277192679792,0.0,0.0,0.0,0.0,0.5946387626631091,False,False
17031750300,Illinois,Cook County,2530,1102,0.10642945827835648,3.8569706709521903,0.0,0.0,0.0,0.0,107955.0,0.04639765265925798,0.0,0.0,0.0,0.0,0.5921790970108809,False,False
17031740200,Illinois,Cook County,6547,1103,0.10638732151332166,5.81318317323617,0.0,0.0,0.0,0.0,114125.0,0.071867098296589,0.0,0.0,0.0,0.0,0.566456830783341,False,False
17031821700,Illinois,Cook County,4889,1104,0.1062309747655102,3.0956447480785703,0.0,0.0,0.0,0.0,105863.0,0.036485360828855576,0.0,0.0,0.0,0.0,0.6009004877642057,False,False
17031842200,Illinois,Cook County,2603,1105,0.10599817731986912,9.0302066772655,0.0,0.0,0.0,0.0,124732.0,0.11375201885313738,0.0,0.0,0.0,0.0,0.5222370450660774,False,False
17031030800,Illinois,Cook County,4326,1106,0.10598171353251327,8.86828340466001,0.0,0.0,0.0,0.0,124250.0,0.11164381435887658,0.0,0.0,0.0,0.0,0.524246466836203,False,False
17031040401,Illinois,Cook County,3092,1107,0.10597372810041539,3.7346877801015803,0.0,0.0,0.0,0.0,108229.0,0.04480555699620554,0.0,0.0,0.0,0.0,0.5910368116062867,False,False
17031805201,Illinois,Cook County,3406,1108,0.10556448821535698,2.0965517241379303,0.0,0.0,0.0,0.0,103702.0,0.023477394961045787,0.0,0.0,0.0,0.0,0.6099095343310961,False,False
17031803902,Illinois,Cook County,3513,1109,0.10523398891635638,4.24904101504869,0.0,0.0,0.0,0.0,110900.0,0.05150232012422742,0.0,0.0,0.0,0.0,0.5799016133739109,False,False
17031750400,Illinois,Cook County,3009,1110,0.10522531756948195,5.37598944591029,0.0,0.0,0.0,0.0,114432.0,0.06617493455767626,0.0,0.0,0.0,0.0,0.5651769708592154,False,False
17031832400,Illinois,Cook County,3181,1111,0.10482907921668788,7.324315407456281,0.0,0.0,0.0,0.0,121087.0,0.09154169921308007,0.0,0.0,0.0,0.0,0.5374327760870472,False,False
17031815702,Illinois,Cook County,5128,1112,0.10479448280036917,8.67562380038388,0.0,0.0,0.0,0.0,125357.0,0.10913542975756588,0.0,0.0,0.0,0.0,0.5196314670446491,False,False
17031330200,Illinois,Cook County,3806,1113,0.1046404686087433,13.893703061814,0.0,0.0,0.0,0.0,141875.0,0.17707364502053416,0.0,0.0,0.0,0.0,0.4507691666319257,False,False
17031813100,Illinois,Cook County,4538,1114,0.10417610386431471,5.02983802216539,0.0,0.0,0.0,0.0,114861.0,0.06166812108058112,0.0,0.0,0.0,0.0,0.5633885021053071,False,False
17031804611,Illinois,Cook County,4359,1115,0.10413317645634457,2.12128199216048,2.61483452248448,0.12970408986648002,0.046991860312226505,0.0668149224473435,112934.0,0.023799377473815518,0.026148344971434128,0.0014793920346064407,0.0008723885752403789,0.0010775354219961365,0.5714220202609748,False,False
17031802610,Illinois,Cook County,1729,1116,0.10411737007662379,1.36498516320475,0.0,0.0,0.0,0.0,103500.0,0.013952563312120976,0.0,0.0,0.0,0.0,0.6107516571476217,False,False
17031031400,Illinois,Cook County,5150,1117,0.10378113776938695,10.5579399141631,0.0,0.0,0.0,0.0,132694.0,0.13364276108082335,0.0,0.0,0.0,0.0,0.4890440655354984,False,False
17031161000,Illinois,Cook County,1707,1118,0.10368533958221833,6.36913063691306,0.0,0.0,0.0,0.0,119750.0,0.07910540890282348,0.0,0.0,0.0,0.0,0.5430066285904865,False,False
17031050900,Illinois,Cook County,1391,1119,0.10331737204487318,4.83870967741935,0.0,0.0,0.0,0.0,115500.0,0.059179673133040255,0.0,0.0,0.0,0.0,0.5607245591361988,False,False
17031090300,Illinois,Cook County,1372,1120,0.10319326674981255,3.42066957787482,0.0,0.0,0.0,0.0,111250.0,0.040717110816964296,0.0,0.0,0.0,0.0,0.578442489681911,False,False
17031031900,Illinois,Cook County,2304,1121,0.10309328116130212,11.379579111457499,0.0,0.0,0.0,0.0,136250.0,0.14434031814303258,0.0,0.0,0.0,0.0,0.4742193688247801,False,False
17031801606,Illinois,Cook County,6066,1122,0.10291408694518324,5.62045031318774,13.068581448896799,1.2812186042973799,0.592497839857702,0.13126129575687,156521.0,0.06935775992164275,0.13068581322245648,0.014613452819709178,0.010999529342148155,0.002116872856158828,0.38971109350898403,False,False
17031040300,Illinois,Cook County,3069,1123,0.10282681948277456,1.41193081539005,0.0,0.0,0.0,0.0,105504.0,0.014563785116933353,0.0,0.0,0.0,0.0,0.602397131779714,False,False
17031061000,Illinois,Cook County,1647,1124,0.10221275191052799,14.4021739130435,0.0,0.0,0.0,0.0,146957.0,0.18369382083907987,0.0,0.0,0.0,0.0,0.42958269062408805,False,False
17031060800,Illinois,Cook County,4837,1125,0.1020214627520818,4.85340729001585,0.0,0.0,0.0,0.0,117411.0,0.059371032734611175,0.0,0.0,0.0,0.0,0.5527577437778797,False,False
17031560900,Illinois,Cook County,5093,1126,0.10135332713339283,1.49784684516008,0.0,0.0,0.0,0.0,107893.0,0.015682392449750317,0.0,0.0,0.0,0.0,0.5924375703506066,False,False
17031031800,Illinois,Cook County,1820,1127,0.1010625821965933,7.108239095315021,0.0,0.0,0.0,0.0,125833.0,0.08872843435603037,0.0,0.0,0.0,0.0,0.5176470588235293,False,False
17031807800,Illinois,Cook County,2624,1128,0.10104922270507226,5.20361990950226,0.0,0.0,0.0,0.0,119904.0,0.06393072206442692,0.0,0.0,0.0,0.0,0.5423646141660066,False,False
17031810400,Illinois,Cook County,5350,1129,0.10098950316372775,5.48381059329964,0.0,0.0,0.0,0.0,120865.0,0.06757874158210814,0.0,0.0,0.0,0.0,0.5383582774002584,False,False
17031242300,Illinois,Cook County,3240,1130,0.10074592860159436,5.49483910139648,0.0,0.0,0.0,0.0,121250.0,0.06772233027050747,0.0,0.0,0.0,0.0,0.5367532413390587,False,False
17031030900,Illinois,Cook County,3028,1131,0.10065226128504808,9.44135903299575,0.0,0.0,0.0,0.0,133710.0,0.11910512980642379,0.0,0.0,0.0,0.0,0.48480843790386463,False,False
17031801901,Illinois,Cook County,4369,1132,0.1003816677160342,6.650998824911871,0.0,0.0,0.0,0.0,125385.0,0.08277526914691599,0.0,0.0,0.0,0.0,0.5195147371492892,False,False
17031829800,Illinois,Cook County,6820,1133,0.10020583510311894,3.90650016010247,0.43159566666723304,0.0164165223274063,0.0564011820784301,0.0152026299511105,118457.0,0.04704251543867738,0.0043159566248452295,0.00018724523175872593,0.0010470695679709624,0.00024517535424412165,0.5483970484012173,False,False
17031805701,Illinois,Cook County,5074,1134,0.10016993080146437,2.55202198665096,13.090035983625201,1.26375809766515,1.14933500837798,0.0676882041454629,153125.0,0.02940751506658249,0.1309003585676613,0.014414300006112438,0.021337029940308144,0.0010916189819051702,0.4038687622462167,False,False
17031813000,Illinois,Cook County,3873,1135,0.09977249373906283,4.49101796407186,0.0,0.0,0.0,0.0,119516.0,0.05465280543266767,0.0,0.0,0.0,0.0,0.5439821570017093,False,False
17031063302,Illinois,Cook County,3996,1136,0.09949910041180919,7.29965617561492,0.0,0.0,0.0,0.0,128681.0,0.09122064157537016,0.0,0.0,0.0,0.0,0.505773960895485,False,False
17031320600,Illinois,Cook County,4256,1137,0.09929443342423905,14.905814905814898,0.0,0.0,0.0,0.0,152730.0,0.19025111298967487,0.0,0.0,0.0,0.0,0.4055154875557594,False,False
17031807500,Illinois,Cook County,3189,1138,0.09908707612055795,2.59816947150871,0.0,0.0,0.0,0.0,114591.0,0.030008344912783626,0.0,0.0,0.0,0.0,0.5645141118105641,False,False
17031081300,Illinois,Cook County,4884,1139,0.0987016038995114,12.2717861848297,0.0,0.0,0.0,0.0,145357.0,0.155956653038124,0.0,0.0,0.0,0.0,0.4362529703589444,False,False
17031720600,Illinois,Cook County,1756,1140,0.09815242094492162,2.39862935465448,0.0,0.0,0.0,0.0,115313.0,0.02741037758931965,0.0,0.0,0.0,0.0,0.5615041480802101,False,False
17031804901,Illinois,Cook County,6648,1141,0.09807855124991816,4.216300940438869,0.0,0.0,0.0,0.0,121096.0,0.05107605173597031,0.0,0.0,0.0,0.0,0.5373952557635386,False,False
17031805802,Illinois,Cook County,4926,1142,0.0976208257520454,3.69218004563369,0.00983168391062388,0.00119366400606304,0.000350531249734096,0.000175731507780563,120147.0,0.04425211587928599,9.831683815342377e-05,1.3614813722404014e-05,6.507498436983425e-06,2.834051398377025e-06,0.5413515654312753,False,False
17031241500,Illinois,Cook County,2872,1143,0.09732358785522037,12.935153583617701,0.0,0.0,0.0,0.0,149412.0,0.16459354697540443,0.0,0.0,0.0,0.0,0.4193479801559178,False,False
17031812100,Illinois,Cook County,4560,1144,0.09720951163647973,6.1776061776061795,0.0,0.0,0.0,0.0,128472.0,0.07661180363302765,0.0,0.0,0.0,0.0,0.5066452661858507,False,False
17031804706,Illinois,Cook County,2472,1145,0.09710420655255257,2.24066390041494,0.294172551639643,0.0323435779914115,0.0,0.0169582888484001,117188.0,0.02535370299766211,0.0029417254878873742,0.00036890765511267144,0.0,0.0002734891587278899,0.5536874140159254,False,False
17031805501,Illinois,Cook County,3400,1146,0.09710046288923964,8.39948783610755,0.0,0.0,0.0,0.0,135568.0,0.1055402017736753,0.0,0.0,0.0,0.0,0.47706257556176257,False,False
17031071200,Illinois,Cook County,1906,1147,0.0965025294797159,8.94268774703557,0.0,0.0,0.0,0.0,138125.0,0.11261254211780009,0.0,0.0,0.0,0.0,0.46640263476049526,False,False
17031801500,Illinois,Cook County,5928,1148,0.09637400309483128,2.6433230346721603,1.1218334016529699,0.0196440296194814,0.0,0.0603831345105681,121615.0,0.0305962341226627,0.011218333907809795,0.00022405786106320915,0.0,0.0009738089029074583,0.5352315837745445,False,False
17031803500,Illinois,Cook County,5813,1149,0.09595947684071877,8.216292134831459,0.0,0.0,0.0,0.0,136638.0,0.10315503505523521,0.0,0.0,0.0,0.0,0.4726018259890774,False,False
17031807100,Illinois,Cook County,3817,1150,0.09507423669140402,4.992826398852221,0.0,0.0,0.0,0.0,127845.0,0.06118623809147664,0.0,0.0,0.0,0.0,0.5092591820569475,False,False
17031063200,Illinois,Cook County,6345,1151,0.09439254445220309,8.4070796460177,0.0,0.0,0.0,0.0,139489.0,0.10563904542668832,0.0,0.0,0.0,0.0,0.4607162212865302,False,False
17031802801,Illinois,Cook County,4793,1152,0.09438872013284427,3.1190727081138,0.229916520900177,0.0151224017777474,0.0,0.0055187545414712,123594.0,0.03679038758531183,0.0022991651867199396,0.0001724846206249003,0.0,8.900187691490314e-05,0.5269812815274941,False,False
17031081700,Illinois,Cook County,3102,1153,0.09397662527321815,7.17828243278517,0.0,0.0,0.0,0.0,136250.0,0.08964038281452877,0.0,0.0,0.0,0.0,0.4742193688247801,False,False
17031804606,Illinois,Cook County,7118,1154,0.09382361223360337,1.44258511252164,4.974780604766639,0.284875873669911,0.112336128224225,0.154330702778025,132367.0,0.014962897152784291,0.049747805565546976,0.0032492660701189838,0.002085483617767181,0.002488917039093133,0.4904073039563097,False,False
17031803007,Illinois,Cook County,5247,1155,0.09369591889932488,1.30134200894673,0.0,0.0,0.0,0.0,118300.0,0.013123943795749231,0.0,0.0,0.0,0.0,0.5490515696002001,False,False
17031830005,Illinois,Cook County,3957,1156,0.09349897657888236,2.40524781341108,0.0,0.0,0.0,0.0,122031.0,0.027496548429812348,0.0,0.0,0.0,0.0,0.5334973110434819,False,False
17031800700,Illinois,Cook County,5135,1157,0.09321285998546165,1.6457519029006398,39.4740327487554,2.55310830726364,0.427491380197846,0.0,223646.0,0.017608082947695333,0.39474032366201894,0.029120501112505633,0.007936238182962711,0.0,0.10987201400758739,False,False
17031100300,Illinois,Cook County,6177,1158,0.09294987933005068,4.02376910016978,0.0,0.0,0.0,0.0,127876.0,0.04856933059321942,0.0,0.0,0.0,0.0,0.5091299453870847,False,False
17031805902,Illinois,Cook County,6449,1159,0.09286657113653095,5.7327060463495405,0.0,0.0,0.0,0.0,133333.0,0.07081930425279546,0.0,0.0,0.0,0.0,0.4863801225663902,False,False
17031720300,Illinois,Cook County,3723,1160,0.0926755846334717,5.341463414634149,0.0,0.0,0.0,0.0,132386.0,0.06572541341637195,0.0,0.0,0.0,0.0,0.49032809438445824,False,False
17031062100,Illinois,Cook County,3436,1161,0.0926624488948281,14.844373503591399,0.0,0.0,0.0,0.0,162083.0,0.18945115978827895,0.0,0.0,0.0,0.0,0.36652353358068956,False,False
17031803701,Illinois,Cook County,2705,1162,0.09249531467898348,8.75656742556918,0.0,0.0,0.0,0.0,143311.0,0.11018929750400881,0.0,0.0,0.0,0.0,0.444782590569892,False,False
17031411200,Illinois,Cook County,1640,1163,0.0923655044555991,19.9869791666667,0.0,0.0,0.0,0.0,178571.0,0.25640672582060003,0.0,0.0,0.0,0.0,0.2977863009129945,False,False
17031803300,Illinois,Cook County,5543,1164,0.0922223590406014,6.599433828733189,0.0,0.0,0.0,0.0,136967.0,0.08210390452501079,0.0,0.0,0.0,0.0,0.4712302497185976,False,False
17031090100,Illinois,Cook County,3405,1165,0.0920606658041449,3.93386545039909,0.0,0.0,0.0,0.0,128875.0,0.04739880534723578,0.0,0.0,0.0,0.0,0.5049651894776337,False,False
17031243100,Illinois,Cook County,2242,1166,0.09179624106963508,7.24070450097847,0.0,0.0,0.0,0.0,139583.0,0.09045310406570307,0.0,0.0,0.0,0.0,0.4603243423521074,False,False
17031161100,Illinois,Cook County,1861,1167,0.09165250613877257,2.1047479197258903,0.0,0.0,0.0,0.0,123750.0,0.023584107579289842,0.0,0.0,0.0,0.0,0.5263309292533456,False,False
17031120200,Illinois,Cook County,4430,1168,0.0906310998768281,5.75661375661376,0.0,0.0,0.0,0.0,136625.0,0.07113057724904544,0.0,0.0,0.0,0.0,0.47265602201192314,False,False
17031242100,Illinois,Cook County,3648,1169,0.09061615062474465,8.07117070654977,0.0,0.0,0.0,0.0,143875.0,0.1012655867851128,0.0,0.0,0.0,0.0,0.44243131696335514,False,False
17031800800,Illinois,Cook County,2206,1170,0.09036707922757409,5.57506584723442,0.0,0.0,0.0,0.0,136438.0,0.0687668644095101,0.0,0.0,0.0,0.0,0.47343561095593445,False,False
17031242900,Illinois,Cook County,1670,1171,0.09029681705543302,3.3813400125234803,0.0,0.0,0.0,0.0,129688.0,0.04020504874523831,0.0,0.0,0.0,0.0,0.5015758535873598,False,False
17031241400,Illinois,Cook County,4595,1172,0.09023497625661754,10.4971319311663,0.0,0.0,0.0,0.0,152000.0,0.13285105485491766,0.0,0.0,0.0,0.0,0.4085588026847876,False,False
17031839100,Illinois,Cook County,4350,1173,0.0898169417867653,11.387720773759499,0.0,0.0,0.0,0.0,155383.0,0.14444632075019115,0.0,0.0,0.0,0.0,0.39445532997040067,False,False
17031063100,Illinois,Cook County,2173,1174,0.08979888120943726,8.00865800865801,0.0,0.0,0.0,0.0,144856.0,0.10045168555570232,0.0,0.0,0.0,0.0,0.4383416017009213,False,False
17031561000,Illinois,Cook County,5161,1175,0.08975304390119876,2.56367571166972,0.0,0.0,0.0,0.0,127917.0,0.029559243938313537,0.0,0.0,0.0,0.0,0.508959019468879,False,False
17031740300,Illinois,Cook County,4713,1176,0.08922763910493896,2.68849807964423,0.0,0.0,0.0,0.0,129063.0,0.031184403020845665,0.0,0.0,0.0,0.0,0.504181431608788,False,False
17031804104,Illinois,Cook County,4980,1177,0.08888273495251332,1.9382192610539102,1.81234955907347,0.0444099654155563,0.028067995719525198,0.039807534684739,131964.0,0.021415941996996708,0.01812349541509501,0.0005065356779462709,0.0005210731950792495,0.0006419827654361292,0.4920873806645266,False,False
17031805702,Illinois,Cook County,2015,1178,0.0887902737856733,3.02571860816944,0.165288300431396,0.0156193483556175,0.008299546734009691,0.00729187880704145,131250.0,0.0355749382561726,0.0016528829882954247,0.000178152744195119,0.0001540783808582231,0.00011759734831215826,0.4950639929962063,False,False
17031832300,Illinois,Cook County,1870,1179,0.08839211586878215,7.2463768115942,0.0,0.0,0.0,0.0,144500.0,0.09052695627076603,0.0,0.0,0.0,0.0,0.4398257389419269,False,False
17031040402,Illinois,Cook County,4468,1180,0.0883696967540462,6.452837350540901,0.0,0.0,0.0,0.0,142054.0,0.08019525143768855,0.0,0.0,0.0,0.0,0.4500229290865886,False,False
17031810000,Illinois,Cook County,4896,1181,0.08789086873024426,7.289794287996811,0.0,0.0,0.0,0.0,145357.0,0.09109224202252116,0.0,0.0,0.0,0.0,0.4362529703589444,False,False
17031802002,Illinois,Cook County,5071,1182,0.08750522580746184,2.52842022736182,0.0,0.0,0.0,0.0,131042.0,0.02910022548303353,0.0,0.0,0.0,0.0,0.49593112936173755,False,False
17031241200,Illinois,Cook County,1696,1183,0.08727068315691376,7.289927657206451,0.0,0.0,0.0,0.0,146250.0,0.09109397845955479,0.0,0.0,0.0,0.0,0.43253012048192774,False,False
17031812900,Illinois,Cook County,4749,1184,0.08706964514497291,7.57575757575758,0.0,0.0,0.0,0.0,147432.0,0.09481541954203486,0.0,0.0,0.0,0.0,0.4276024513278026,False,False
17031800900,Illinois,Cook County,4416,1185,0.0870196539797695,3.4576888080072803,0.0,0.0,0.0,0.0,134643.0,0.041199092845140534,0.0,0.0,0.0,0.0,0.48091883103347643,False,False
17031060100,Illinois,Cook County,2569,1186,0.0861356199713837,6.41654978962132,0.0,0.0,0.0,0.0,145156.0,0.07972279557766643,0.0,0.0,0.0,0.0,0.4370909242506358,False,False
17031243200,Illinois,Cook County,2170,1187,0.08563796682279244,11.2482853223594,0.0,0.0,0.0,0.0,160962.0,0.14263090261683134,0.0,0.0,0.0,0.0,0.3711968983199233,False,False
17031802300,Illinois,Cook County,4840,1188,0.0855305509576272,5.57426112981669,11.8473578225975,1.47814959672487,1.87473485797329,0.366534696426944,185625.0,0.06875638717020181,0.11847357707781557,0.016859628263091724,0.034803841789495256,0.005911166313212355,0.2683787051319465,False,False
17031063303,Illinois,Cook County,1201,1189,0.0846943503563347,5.88716271463614,0.0,0.0,0.0,0.0,145577.0,0.07283029524260651,0.0,0.0,0.0,0.0,0.43533580689540163,False,False
17031815701,Illinois,Cook County,3927,1190,0.08435326576123751,2.71017699115044,0.0,0.0,0.0,0.0,136146.0,0.03146665755987926,0.0,0.0,0.0,0.0,0.47465293700754574,False,False
17031813200,Illinois,Cook County,4251,1191,0.08368591720585329,5.079505300353359,0.0,0.0,0.0,0.0,144506.0,0.06231477784219864,0.0,0.0,0.0,0.0,0.43980072539292114,False,False
17031803400,Illinois,Cook County,6384,1192,0.0823734037330584,2.92255236239649,0.873693144112303,0.126210443283382,0.0402607498133284,0.0369573737948369,142422.0,0.03423173700106671,0.00873693135645107,0.0014395438468423867,0.0007474277020401443,0.0005960177443784769,0.4484887647475716,False,False
17031720400,Illinois,Cook County,1924,1193,0.08204114226275928,2.1483375959079303,0.0,0.0,0.0,0.0,137719.0,0.024151635333340648,0.0,0.0,0.0,0.0,0.4680952182432151,False,False
17031843700,Illinois,Cook County,2117,1194,0.08175302165309038,3.70653419946504,0.0,0.0,0.0,0.0,143000.0,0.0444390037251875,0.0,0.0,0.0,0.0,0.44607912619335477,False,False
17031050100,Illinois,Cook County,2290,1195,0.08159989824072163,4.92285084496694,0.0,0.0,0.0,0.0,147019.0,0.06027517215996745,0.0,0.0,0.0,0.0,0.4293242172843623,False,False
17031040900,Illinois,Cook County,1950,1196,0.08154739682791164,8.414766558089031,0.0,0.0,0.0,0.0,158000.0,0.10573912728839362,0.0,0.0,0.0,0.0,0.3835452536790762,False,False
17031050200,Illinois,Cook County,4837,1197,0.08128926836585836,3.3327195728226804,0.0,0.0,0.0,0.0,142500.0,0.039572021584652825,0.0,0.0,0.0,0.0,0.4481635886104973,False,False
17031812302,Illinois,Cook County,2818,1198,0.08008859238636197,7.88690476190476,0.0,0.0,0.0,0.0,158451.0,0.09886648573935829,0.0,0.0,0.0,0.0,0.38166506857881355,False,False
17031051400,Illinois,Cook County,2077,1199,0.07992327248738723,7.90645879732739,0.0,0.0,0.0,0.0,158750.0,0.09912107487096114,0.0,0.0,0.0,0.0,0.3804185600533623,False,False
17031061200,Illinois,Cook County,1889,1200,0.07988733492918694,8.21009688934217,0.0,0.0,0.0,0.0,159750.0,0.10307437435604475,0.0,0.0,0.0,0.0,0.37624963521907695,False,False
17031802900,Illinois,Cook County,6080,1201,0.0797834070148358,2.59041211101766,0.0,0.0,0.0,0.0,142349.0,0.02990734582854033,0.0,0.0,0.0,0.0,0.4487930962604745,False,False
17031241300,Illinois,Cook County,1857,1202,0.07810906911545525,14.705882352941199,0.0,0.0,0.0,0.0,182596.0,0.18764803623773502,0.0,0.0,0.0,0.0,0.28100637845499643,False,False
17031061500,Illinois,Cook County,1707,1203,0.07788695186166493,6.5677966101694905,0.0,0.0,0.0,0.0,157500.0,0.08169199507377085,0.0,0.0,0.0,0.0,0.38562971609621877,False,False
17031801702,Illinois,Cook County,4671,1204,0.0776912054058143,2.15489652229571,0.0,0.0,0.0,0.0,144000.0,0.02423703107581636,0.0,0.0,0.0,0.0,0.44191020135906944,False,False
17031803100,Illinois,Cook County,3440,1205,0.07753577543207024,3.3451746595618697,0.0,0.0,0.0,0.0,147941.0,0.03973418400527004,0.0,0.0,0.0,0.0,0.4254804685871514,False,False
17031051000,Illinois,Cook County,1503,1206,0.07726324995503135,5.41327124563446,0.0,0.0,0.0,0.0,154792.0,0.0666603351827249,0.0,0.0,0.0,0.0,0.39691916454746323,False,False
17031243500,Illinois,Cook County,2937,1207,0.07710973489856258,7.84040178571429,0.0,0.0,0.0,0.0,162593.0,0.09826102747617144,0.0,0.0,0.0,0.0,0.3643973819152041,False,False
17031070700,Illinois,Cook County,3481,1208,0.07653936072945279,16.7134831460674,0.0,0.0,0.0,0.0,191125.0,0.2137865458333391,0.0,0.0,0.0,0.0,0.24544961854337766,False,False
17031081600,Illinois,Cook County,3545,1209,0.07633659463202823,7.95,0.0,0.0,0.0,0.0,164048.0,0.09968797151085036,0.0,0.0,0.0,0.0,0.35833159628131905,False,False
17031062000,Illinois,Cook County,2569,1210,0.07575302954047981,5.80342167058034,0.0,0.0,0.0,0.0,158184.0,0.07174000573331121,0.0,0.0,0.0,0.0,0.3827781715095677,False,False
17031800600,Illinois,Cook County,2400,1211,0.0757168796767947,4.2827442827442805,34.949830370644705,3.10346942705413,0.650617865412331,0.333938023605373,250001.0,0.051941129069253085,0.34949830031936463,0.03539786567065708,0.012078508679200387,0.005385474322293073,0.0,False,False
17031062500,Illinois,Cook County,1497,1212,0.07472529926130683,13.015873015873,0.0,0.0,0.0,0.0,182188.0,0.16564449578045612,0.0,0.0,0.0,0.0,0.28270729978738485,False,False
17031833100,Illinois,Cook County,6895,1213,0.07442079148600367,11.5937859608746,0.0,0.0,0.0,0.0,178185.0,0.14712924301699334,0.0,0.0,0.0,0.0,0.29939550589902864,False,False
17031080202,Illinois,Cook County,3498,1214,0.07428592363488849,9.5396729254997,0.0,0.0,0.0,0.0,171964.0,0.12038515451621386,0.0,0.0,0.0,0.0,0.32533038729311714,False,False
17031320100,Illinois,Cook County,10848,1215,0.07425563635330408,7.51614356509986,0.0,0.0,0.0,0.0,165688.0,0.09403925856673317,0.0,0.0,0.0,0.0,0.3514945595530913,False,False
17031062200,Illinois,Cook County,2870,1216,0.07370284312668098,6.65685913938948,0.0,0.0,0.0,0.0,163800.0,0.08285156911986416,0.0,0.0,0.0,0.0,0.35936548964022175,False,False
17031801608,Illinois,Cook County,6564,1217,0.07291792753008085,2.29969239783214,0.733825362796539,0.0364668571970798,0.0,0.0,153182.0,0.026122240722610393,0.007338253556848393,0.0004159373703637747,0.0,0.0,0.4036311335306625,False,False
17031090200,Illinois,Cook County,6564,1218,0.07257934994934027,2.10587891196256,0.0,0.0,0.0,0.0,151204.0,0.023598832843162998,0.0,0.0,0.0,0.0,0.4118772668528786,False,False
17031801800,Illinois,Cook County,5619,1219,0.07226090939391296,6.67014977359805,7.09719638691389,0.7050405801783131,0.0812717623497818,0.09211293276074921,185588.0,0.0830246101801097,0.07097196318133044,0.008041623201425778,0.0015087837870754323,0.001485520662721385,0.268532955350815,False,False
17031071400,Illinois,Cook County,4570,1220,0.07224419421723759,16.375131717597498,0.0,0.0,0.0,0.0,196250.0,0.20938128653575974,0.0,0.0,0.0,0.0,0.22408387876766578,False,False
17031061100,Illinois,Cook County,1379,1221,0.07170643367241834,6.67150108774474,0.0,0.0,0.0,0.0,166719.0,0.08304220398556687,0.0,0.0,0.0,0.0,0.3471963980489432,False,False
17031805600,Illinois,Cook County,4511,1222,0.07154749908555212,2.44559120484631,0.0,0.0,0.0,0.0,153750.0,0.028021810288524254,0.0,0.0,0.0,0.0,0.40126318422478846,False,False
17031120100,Illinois,Cook County,4198,1223,0.07147059434713443,2.53534861043393,0.0,0.0,0.0,0.0,154141.0,0.029190431468223626,0.0,0.0,0.0,0.0,0.39963313461458294,False,False
17031330100,Illinois,Cook County,16735,1224,0.07131062754091118,9.13010398173979,0.0,0.0,0.0,0.0,174967.0,0.11505265922970853,0.0,0.0,0.0,0.0,0.31281110601575857,False,False
17031120300,Illinois,Cook County,6365,1225,0.07096040740790206,4.15899324739104,0.0,0.0,0.0,0.0,159946.0,0.050329918495855344,0.0,0.0,0.0,0.0,0.3754325259515571,False,False
17031070200,Illinois,Cook County,3900,1226,0.07050052496959612,9.6149129261712,0.0,0.0,0.0,0.0,177647.0,0.12136476235770252,0.0,0.0,0.0,0.0,0.30163838745987415,False,False
17031842300,Illinois,Cook County,3244,1227,0.07004385312336149,5.59857057772484,0.0,0.0,0.0,0.0,165761.0,0.06907289069998054,0.0,0.0,0.0,0.0,0.3511902280401884,False,False
17031081403,Illinois,Cook County,6229,1228,0.06944089693852934,10.825254784986301,0.0,0.0,0.0,0.0,182952.0,0.1371231404171851,0.0,0.0,0.0,0.0,0.27952224121399094,False,False
17031720500,Illinois,Cook County,2166,1229,0.06938124367106717,1.67304015296367,0.0,0.0,0.0,0.0,154455.0,0.01796336980978561,0.0,0.0,0.0,0.0,0.39832409221661735,False,False
17031809100,Illinois,Cook County,3387,1230,0.06930463412637052,3.91371340523883,0.0,0.0,0.0,0.0,161563.0,0.04713643026370522,0.0,0.0,0.0,0.0,0.36869137449451783,False,False
17031240300,Illinois,Cook County,1317,1231,0.06912021768983649,4.60905349794239,0.0,0.0,0.0,0.0,164000.0,0.05618960146565427,0.0,0.0,0.0,0.0,0.3585317046733647,False,False
17031060400,Illinois,Cook County,3370,1232,0.06854383778984983,10.743582958454601,0.0,0.0,0.0,0.0,183988.0,0.13605979165342758,0.0,0.0,0.0,0.0,0.27520323508567146,False,False
17031051200,Illinois,Cook County,1516,1233,0.06834258427997299,4.6374918354017,0.0,0.0,0.0,0.0,165208.0,0.0565598622062897,0.0,0.0,0.0,0.0,0.3534956434735482,False,False
17031242200,Illinois,Cook County,3590,1234,0.06812782097208192,6.09501045712578,0.0,0.0,0.0,0.0,170069.0,0.07553642597840395,0.0,0.0,0.0,0.0,0.3332304998540876,False,False
17031802200,Illinois,Cook County,4410,1235,0.06799991773793317,2.2537562604340597,4.33408226944557,0.61964367742306,0.191655830205977,0.0125192073826682,171250.0,0.025524162572673523,0.04334082227442809,0.007067594565580646,0.003558028040154052,0.00020189934996589785,0.3283069996247968,False,False
17031411100,Illinois,Cook County,2132,1236,0.06722580621041847,12.995245641838398,0.0,0.0,0.0,0.0,192917.0,0.16537593202217232,0.0,0.0,0.0,0.0,0.2379789052403385,False,False
17031809800,Illinois,Cook County,2717,1237,0.06717880259367985,13.940907199334198,0.0,0.0,0.0,0.0,195938.0,0.1776882322461163,0.0,0.0,0.0,0.0,0.22538458331596278,False,False
17031240600,Illinois,Cook County,1457,1238,0.06702720155139391,8.16733067729084,0.0,0.0,0.0,0.0,178125.0,0.10251756791927769,0.0,0.0,0.0,0.0,0.2996456413890858,False,False
17031081402,Illinois,Cook County,4243,1239,0.06671229607318656,11.1361502347418,0.0,0.0,0.0,0.0,187850.0,0.14117092906345752,0.0,0.0,0.0,0.0,0.2591028473756618,False,False
17031819000,Illinois,Cook County,5117,1240,0.06668868676612331,3.88716126166148,0.0,0.0,0.0,0.0,165245.0,0.04679072734206028,0.0,0.0,0.0,0.0,0.3533413932546796,False,False
17031071600,Illinois,Cook County,1783,1241,0.06584116883562846,8.7882096069869,0.0,0.0,0.0,0.0,181771.0,0.11060127157048892,0.0,0.0,0.0,0.0,0.28444574144328183,False,False
17031811900,Illinois,Cook County,5738,1242,0.06567245383099794,5.170013919268239,0.0,0.0,0.0,0.0,170714.0,0.063493179650014,0.0,0.0,0.0,0.0,0.33054154333597363,False,False
17031802100,Illinois,Cook County,3573,1243,0.06543411219362806,4.98396968813757,0.0,0.0,0.0,0.0,170476.0,0.0610709257152348,0.0,0.0,0.0,0.0,0.3315337474465335,False,False
17031801701,Illinois,Cook County,3728,1244,0.06489998883520749,1.23839009287926,10.5784883858064,0.781069811120469,0.8275331639472351,0.0794261317700937,191051.0,0.012304324044738406,0.10578488283287414,0.008908805098071175,0.015362883551819227,0.0012809185026272738,0.24575811898111477,False,False
17031801902,Illinois,Cook County,3223,1245,0.06466527021556966,1.78468624064479,0.0,0.0,0.0,0.0,161591.0,0.019416976694260058,0.0,0.0,0.0,0.0,0.3685746445991579,False,False
17031819600,Illinois,Cook County,4010,1246,0.06395976801826714,2.48929336188437,0.8092684282031739,0.0638896152562929,0.0,0.004681914197747709,166941.0,0.02859080251795506,0.00809268420360335,0.000728718639493391,0.0,7.550601281915225e-05,0.34627089673573186,False,False
17031062900,Illinois,Cook County,3976,1247,0.06321740660966667,7.41225772655841,0.0,0.0,0.0,0.0,181250.0,0.09268668837605565,0.0,0.0,0.0,0.0,0.28661775128194433,False,False
17031808800,Illinois,Cook County,3955,1248,0.06307545552421946,7.240099009900989,14.4866239212632,1.5999283281822498,0.0,0.0,220043.0,0.09044522070841761,0.14486623780869418,0.01824862444268778,0.0,0.0,0.1248926501855172,False,False
17031819802,Illinois,Cook County,2678,1249,0.06283070595170984,6.41267446246699,0.701700528225318,0.07775209126319339,0.006313343397063071,0.00418695147571146,180625.0,0.07967233969203599,0.007017005214249488,0.0008868326712532443,0.00011720516307659555,6.752366627101386e-05,0.2892233293033727,False,False
17031280100,Illinois,Cook County,4872,1250,0.061291613205000116,7.55390103924306,0.0,0.0,0.0,0.0,184464.0,0.094530852365449,0.0,0.0,0.0,0.0,0.2732188268645517,False,False
17031080201,Illinois,Cook County,3287,1251,0.05992940381021757,1.24164278892073,0.0,0.0,0.0,0.0,166711.0,0.012346673413687975,0.0,0.0,0.0,0.0,0.3472297494476174,False,False
17031062400,Illinois,Cook County,1421,1252,0.059895881259754584,3.6802030456852797,0.0,0.0,0.0,0.0,174375.0,0.04409617804087212,0.0,0.0,0.0,0.0,0.31527910951765536,False,False
17031221600,Illinois,Cook County,2969,1253,0.05976336679882407,5.58035714285714,0.0,0.0,0.0,0.0,180500.0,0.06883575588528615,0.0,0.0,0.0,0.0,0.28974444490765827,False,False
17031050500,Illinois,Cook County,4754,1254,0.058321720012209206,2.95477055133707,0.0,0.0,0.0,0.0,174375.0,0.03465121055559991,0.0,0.0,0.0,0.0,0.31527910951765536,False,False
17031820000,Illinois,Cook County,2158,1255,0.05829139716062582,2.86885245901639,21.617666152034,0.598827315765442,0.0,0.42473076426081,229286.0,0.0335325763688386,0.21617665942531364,0.0068301652011136605,0.0,0.006849704026270404,0.08635927794221865,False,False
17031050700,Illinois,Cook County,1418,1256,0.05785540258747218,3.5403726708074497,0.0,0.0,0.0,0.0,176875.0,0.04227561809289081,0.0,0.0,0.0,0.0,0.3048567974319423,False,False
17031070400,Illinois,Cook County,2984,1257,0.05777103998748807,10.194624652456,0.0,0.0,0.0,0.0,197778.0,0.12891247830405045,0.0,0.0,0.0,0.0,0.21771376162087797,False,False
17031081500,Illinois,Cook County,4379,1258,0.057557825162582864,9.72557628979144,0.0,0.0,0.0,0.0,196620.0,0.12280557439651686,0.0,0.0,0.0,0.0,0.22254137657898032,False,False
17031070600,Illinois,Cook County,2981,1259,0.05721956531488987,4.72827755603316,0.0,0.0,0.0,0.0,181500.0,0.05774187181596617,0.0,0.0,0.0,0.0,0.28557552007337306,False,False
17031720100,Illinois,Cook County,3300,1260,0.056780756242964935,0.293341155764154,0.0,0.0,0.0,0.0,168281.0,0.0,0.0,0.0,0.0,0.0,0.3406845374577896,False,False
17031808600,Illinois,Cook County,2015,1261,0.056464619316609066,2.61406844106464,7.4241733085133,0.485402769397565,0.08657546715613701,0.192411814034198,196250.0,0.030215345911050205,0.07424173236563633,0.005536456031277751,0.0016072453386881895,0.0031030574853361218,0.22408387876766578,False,False
17031063000,Illinois,Cook County,2973,1262,0.05631588645400846,8.06264501160093,0.0,0.0,0.0,0.0,193214.0,0.10115458415949496,0.0,0.0,0.0,0.0,0.2367407345645558,False,False
17031833000,Illinois,Cook County,2768,1263,0.056178256575928544,12.3247945867569,0.0,0.0,0.0,0.0,206723.0,0.15664681047737475,0.0,0.0,0.0,0.0,0.18042272897819656,False,False
17031819900,Illinois,Cook County,3398,1264,0.05598153805323621,2.61748958953004,9.466825044983059,0.11186398400773301,0.047873145327232296,0.0,199917.0,0.0302598884925719,0.09466824953237503,0.0012759095497354162,0.0008887493443930221,0.0,0.20879643140034188,False,False
17031070300,Illinois,Cook County,3367,1265,0.05413190828849995,7.72027972027972,0.0,0.0,0.0,0.0,195288.0,0.09669706527275149,0.0,0.0,0.0,0.0,0.22809438445824826,False,False
17031240200,Illinois,Cook County,1452,1266,0.053969070635297677,6.8860450944546,0.0,0.0,0.0,0.0,192917.0,0.08583551857144756,0.0,0.0,0.0,0.0,0.2379789052403385,False,False
17031071000,Illinois,Cook County,4442,1267,0.05343629505109365,9.45891783567134,0.0,0.0,0.0,0.0,201719.0,0.11933374145760198,0.0,0.0,0.0,0.0,0.2012840288489599,False,False
17031819801,Illinois,Cook County,5278,1268,0.053238931233190324,1.32711621233859,0.0,0.0,0.0,0.0,176607.0,0.013459518111611156,0.0,0.0,0.0,0.0,0.3059740692875308,False,False
17031051100,Illinois,Cook County,1556,1269,0.05317537530409943,3.2648125755743695,0.0,0.0,0.0,0.0,182750.0,0.03868788779408002,0.0,0.0,0.0,0.0,0.28036436403051657,False,False
17031071500,Illinois,Cook County,5768,1270,0.05282193441880708,4.7320692497939,0.0,0.0,0.0,0.0,187841.0,0.057791238813672104,0.0,0.0,0.0,0.0,0.25914036769917037,False,False
17031832200,Illinois,Cook County,2940,1271,0.05278222416236727,6.445728184858621,0.0,0.0,0.0,0.0,193250.0,0.08010269170368205,0.0,0.0,0.0,0.0,0.23659065327052153,False,False
17031080300,Illinois,Cook County,4315,1272,0.051934477160284244,5.19916142557652,0.0,0.0,0.0,0.0,190577.0,0.06387267360913948,0.0,0.0,0.0,0.0,0.24773418935256597,False,False
17031801100,Illinois,Cook County,4715,1273,0.05164160565468064,1.3114754098360701,1.41041588555717,0.0,0.0,0.017521242835231498,182308.0,0.013255878390161133,0.01410415871888449,0.0,0.0,0.0002825680117676856,0.28220702880727055,False,False
17031060300,Illinois,Cook County,2839,1274,0.05105242422341486,1.05787181082763,0.0,0.0,0.0,0.0,178913.0,0.00995401672082021,0.0,0.0,0.0,0.0,0.296360528619669,False,False
17031051300,Illinois,Cook County,2683,1275,0.04937269446283827,2.4416135881104,0.0,0.0,0.0,0.0,185652.0,0.027970022615608808,0.0,0.0,0.0,0.0,0.2682661441614208,False,False
17031071300,Illinois,Cook County,3513,1276,0.049313034312323735,8.80946388119809,0.0,0.0,0.0,0.0,205625.0,0.11087799742770064,0.0,0.0,0.0,0.0,0.18500020844624177,False,False
17031081401,Illinois,Cook County,2279,1277,0.04926617194616578,12.2943722943723,0.0,0.0,0.0,0.0,216576.0,0.1562507190910106,0.0,0.0,0.0,0.0,0.13934631258598407,False,False
17031063400,Illinois,Cook County,2180,1278,0.04822059049614456,5.73770491803279,0.0,0.0,0.0,0.0,197604.0,0.07088438843482368,0.0,0.0,0.0,0.0,0.21843915454204366,False,False
17031805502,Illinois,Cook County,3888,1279,0.04787008514573707,4.35878054925674,0.0,0.0,0.0,0.0,193802.0,0.05293110411242636,0.0,0.0,0.0,0.0,0.23428940676199606,False,False
17031812000,Illinois,Cook County,5434,1280,0.046735808821542574,2.71696637998436,0.0,0.0,0.0,0.0,190307.0,0.0315550538714325,0.0,0.0,0.0,0.0,0.24885979905782296,False,False
17031819700,Illinois,Cook County,5917,1281,0.04639262196637454,2.39903348291336,0.0,0.0,0.0,0.0,189808.0,0.027415639248115936,0.0,0.0,0.0,0.0,0.2509400925501313,False,False
17031050600,Illinois,Cook County,2071,1282,0.04343690804729094,8.084519981626089,0.0,0.0,0.0,0.0,211818.0,0.10143939133623243,0.0,0.0,0.0,0.0,0.1591820569475132,False,False
17031222200,Illinois,Cook County,1912,1283,0.04142766850823903,6.10961365678347,0.0,0.0,0.0,0.0,208542.0,0.07572655634480246,0.0,0.0,0.0,0.0,0.1728394547046317,False,False
17031071700,Illinois,Cook County,1652,1284,0.04029630233219391,2.42914979757085,0.0,0.0,0.0,0.0,198676.0,0.027807746873473677,0.0,0.0,0.0,0.0,0.2139700671196898,False,False
17031050800,Illinois,Cook County,1289,1285,0.03929431558731081,4.39258750857927,0.0,0.0,0.0,0.0,206250.0,0.05337126309905144,0.0,0.0,0.0,0.0,0.1823946304248134,False,False
17031071800,Illinois,Cook County,2646,1286,0.03787200695251855,4.61031833150384,0.0,0.0,0.0,0.0,208977.0,0.05620606931339372,0.0,0.0,0.0,0.0,0.17102597240171757,False,False
17031240500,Illinois,Cook County,2251,1287,0.03786849349862203,2.7348919276577,0.0,0.0,0.0,0.0,203125.0,0.03178844045977731,0.0,0.0,0.0,0.0,0.19542252053195486,False,False
17031081202,Illinois,Cook County,2995,1288,0.03714362083880593,4.20196543544561,0.0,0.0,0.0,0.0,208750.0,0.05088940669373526,0.0,0.0,0.0,0.0,0.17197231833910032,False,False
17031071100,Illinois,Cook County,2944,1289,0.036692376574196044,10.0886917960089,0.0,0.0,0.0,0.0,227784.0,0.12753325640186117,0.0,0.0,0.0,0.0,0.09262100304331511,False,False
17031832600,Illinois,Cook County,3727,1290,0.03437532218458407,6.42857142857143,0.0,0.0,0.0,0.0,219688.0,0.07987931460581596,0.0,0.0,0.0,0.0,0.12637261850168846,False,False
17031809900,Illinois,Cook County,2855,1291,0.032601248296224496,4.2575285565939796,0.0,0.0,0.0,0.0,215461.0,0.05161282600113493,0.0,0.0,0.0,0.0,0.14399466377621206,False,False
17031812400,Illinois,Cook County,3491,1292,0.03116102319135905,4.21020282728949,0.0,0.0,0.0,0.0,217386.0,0.0509966556779413,0.0,0.0,0.0,0.0,0.13596948347021298,False,False
17031832000,Illinois,Cook County,1798,1293,0.030534822026815556,12.128017967434,0.0,0.0,0.0,0.0,243015.0,0.1540848232685767,0.0,0.0,0.0,0.0,0.029124108892316647,False,False
17031831000,Illinois,Cook County,2138,1294,0.030223374415947555,0.683371298405467,0.0,0.0,0.0,0.0,207721.0,0.005078104502105521,0.0,0.0,0.0,0.0,0.1762621419935798,False,False
17031080100,Illinois,Cook County,6013,1295,0.02948717708833175,8.064753495217069,0.0,0.0,0.0,0.0,231833.0,0.10118203614069626,0.0,0.0,0.0,0.0,0.07574102638929425,False,False
17031831900,Illinois,Cook County,2717,1296,0.02619685980398323,5.56127703398558,0.0,0.0,0.0,0.0,228750.0,0.0685873371705038,0.0,0.0,0.0,0.0,0.08859382165339558,False,False
17031832500,Illinois,Cook County,3606,1297,0.024824607053478946,9.242618741976889,0.0,0.0,0.0,0.0,242222.0,0.11651757603496884,0.0,0.0,0.0,0.0,0.032430066285904835,False,False
17031081800,Illinois,Cook County,6866,1298,0.024097863519558293,2.62123197903014,0.0,0.0,0.0,0.0,222589.0,0.03030861355992283,0.0,0.0,0.0,0.0,0.11427856755742694,False,False
17031800400,Illinois,Cook County,3762,1299,0.023778565913887398,2.92190060076461,10.6913774825359,0.132211685492095,0.00142081997729102,0.0,250001.0,0.03422325121159737,0.10691377378922876,0.0015079934225685906,2.637705992966363e-05,0.0,0.0,False,False
17031062700,Illinois,Cook County,2724,1300,0.022253933895690466,4.3327556325823195,0.0,0.0,0.0,0.0,230588.0,0.052592265566163456,0.0,0.0,0.0,0.0,0.08093133780797934,False,False
17031320400,Illinois,Cook County,2518,1301,0.022074588897984564,10.4661389621812,0.0,0.0,0.0,0.0,250001.0,0.13244753338790738,0.0,0.0,0.0,0.0,0.0,False,False
17031062800,Illinois,Cook County,3506,1302,0.0198984939156279,5.11756569847856,0.0,0.0,0.0,0.0,236429.0,0.0628103156428482,0.0,0.0,0.0,0.0,0.05658064785091921,False,False
17031812200,Illinois,Cook County,3942,1303,0.015237372962082017,3.00636942675159,0.0,0.0,0.0,0.0,236544.0,0.035323016277515676,0.0,0.0,0.0,0.0,0.05610122149497643,False,False
17031081201,Illinois,Cook County,4059,1304,0.01390744473364352,6.70241286863271,0.0,0.0,0.0,0.0,250001.0,0.08344466840186113,0.0,0.0,0.0,0.0,0.0,False,False
17031070102,Illinois,Cook County,2413,1305,0.01372237691155103,6.617126680820951,0.0,0.0,0.0,0.0,250001.0,0.08233426146930618,0.0,0.0,0.0,0.0,0.0,False,False
17031800500,Illinois,Cook County,4901,1306,0.01371165367519559,2.63307444591779,4.3348672462468,0.34166441063957803,0.24570642323623101,0.0,250001.0,0.030462799808223938,0.04334867204236431,0.003896990512242304,0.00456145968834297,0.0,0.0,False,False
17031801300,Illinois,Cook County,4283,1307,0.012501158481902948,3.98617511520737,0.0,0.0,0.0,0.0,243542.0,0.0480798653867693,0.0,0.0,0.0,0.0,0.026927085504648396,False,False
17031070500,Illinois,Cook County,2928,1308,0.009553325194735592,4.69587141506461,0.0,0.0,0.0,0.0,250001.0,0.057319951168413555,0.0,0.0,0.0,0.0,0.0,False,False
17031062300,Illinois,Cook County,1513,1309,0.008574287448591398,4.244694132334581,0.0,0.0,0.0,0.0,250001.0,0.05144572469154839,0.0,0.0,0.0,0.0,0.0,False,False
17031800200,Illinois,Cook County,6312,1310,0.007901593866886018,2.35165862015262,1.34892438122509,0.17621481102099001,0.256345136878427,0.0218660619445771,250001.0,0.02679882921840193,0.013489243681522997,0.002009888724962275,0.004758963940676027,0.00035263763575288463,0.0,False,False
17031801200,Illinois,Cook County,3547,1311,0.006245358113192552,3.1160663236134902,0.0662553401137191,0.0044851134049916,0.00038747714669532196,0.0,250001.0,0.03675124513708284,0.0006625533947162072,5.115676038035187e-05,7.193386975909724e-06,0.0,0.0,False,False
17031800300,Illinois,Cook County,3501,1312,0.006204844084262328,3.15276583548295,0.0,0.0,0.0,0.0,250001.0,0.03722906450557397,0.0,0.0,0.0,0.0,0.0,False,False
17031800100,Illinois,Cook County,2419,1313,0.006117423037311322,2.2017614091273,1.14539935599678,0.0198051761550911,0.0,0.0110030209806483,250001.0,0.024847201333936697,0.011453993448964058,0.0002258958825275348,0.0,0.00017744755843964314,0.0,False,False
17031062600,Illinois,Cook County,2226,1314,0.0027511657536272386,1.56118143459916,0.0,0.0,0.0,0.0,250001.0,0.01650699452176343,0.0,0.0,0.0,0.0,0.0,False,False
